timestamp,open,high,low,close,volume
2023-01-02 00:00:00+00:00,1.1000000000,1.1000774539,1.0999393784,1.1000168323,0.0000000000
2023-01-02 01:00:00+00:00,1.1000168323,1.1001905978,1.0999267962,1.1001005617,0.0000000000
2023-01-02 02:00:00+00:00,1.1001005617,1.1002318234,1.0997465873,1.0998778490,0.0000000000
2023-01-02 03:00:00+00:00,1.0998778490,1.1000408677,1.0997945158,1.0999575344,0.0000000000
2023-01-02 04:00:00+00:00,1.0999575344,1.1000184051,1.0997932152,1.0998540859,0.0000000000
2023-01-02 05:00:00+00:00,1.0998540859,1.0999289961,1.0997819065,1.0998568167,0.0000000000
2023-01-02 06:00:00+00:00,1.0998568167,1.1000597240,1.0997697197,1.0999726270,0.0000000000
2023-01-02 07:00:00+00:00,1.0999726270,1.1003531530,1.0998820489,1.1002625749,0.0000000000
2023-01-02 08:00:00+00:00,1.1002625749,1.1003498028,1.1000826024,1.1001698303,0.0000000000
2023-01-02 09:00:00+00:00,1.1001698303,1.1002809303,1.1000875936,1.1001986936,0.0000000000
2023-01-02 10:00:00+00:00,1.1001986936,1.1002661150,1.1000939956,1.1001614170,0.0000000000
2023-01-02 11:00:00+00:00,1.1001614170,1.1002234041,1.0999434628,1.1000054499,0.0000000000
2023-01-02 12:00:00+00:00,1.1000054499,1.1000663692,1.0998898897,1.0999508091,0.0000000000
2023-01-02 13:00:00+00:00,1.0999508091,1.1000299356,1.0998741149,1.0999532415,0.0000000000
2023-01-02 14:00:00+00:00,1.0999532415,1.1000083853,1.0997388833,1.0997940271,0.0000000000
2023-01-02 15:00:00+00:00,1.0997940271,1.0998862778,1.0996985225,1.0997907732,0.0000000000
2023-01-02 16:00:00+00:00,1.0997907732,1.0999077407,1.0996944019,1.0998113695,0.0000000000
2023-01-02 17:00:00+00:00,1.0998113695,1.0999112201,1.0997174339,1.0998172845,0.0000000000
2023-01-02 18:00:00+00:00,1.0998172845,1.0999484444,1.0997246191,1.0998557790,0.0000000000
2023-01-02 19:00:00+00:00,1.0998557790,1.1000873934,1.0997710049,1.1000026192,0.0000000000
2023-01-02 20:00:00+00:00,1.1000026192,1.1002101854,1.0999070652,1.1001146314,0.0000000000
2023-01-02 21:00:00+00:00,1.1001146314,1.1002462570,1.1000099364,1.1001415621,0.0000000000
2023-01-02 22:00:00+00:00,1.1001415621,1.1002330306,1.0999732152,1.1000646837,0.0000000000
2023-01-02 23:00:00+00:00,1.1000646837,1.1002372465,1.0999865099,1.1001590728,0.0000000000
2023-01-03 00:00:00+00:00,1.1001590728,1.1002319626,1.1000953465,1.1001682363,0.0000000000
2023-01-03 01:00:00+00:00,1.1001682363,1.1002519031,1.0999634357,1.1000471025,0.0000000000
2023-01-03 02:00:00+00:00,1.1000471025,1.1001205930,1.0999374841,1.1000109746,0.0000000000
2023-01-03 03:00:00+00:00,1.1000109746,1.1000954995,1.0999316050,1.1000161300,0.0000000000
2023-01-03 04:00:00+00:00,1.1000161300,1.1001713246,1.0999392994,1.1000944939,0.0000000000
2023-01-03 05:00:00+00:00,1.1000944939,1.1003717529,1.0999841023,1.1002613613,0.0000000000
2023-01-03 06:00:00+00:00,1.1002613613,1.1003539318,1.1000433379,1.1001359084,0.0000000000
2023-01-03 07:00:00+00:00,1.1001359084,1.1004340602,1.1000119320,1.1003100838,0.0000000000
2023-01-03 08:00:00+00:00,1.1003100838,1.1004101559,1.1002262833,1.1003263554,0.0000000000
2023-01-03 09:00:00+00:00,1.1003263554,1.1004490069,1.0999541095,1.1000767610,0.0000000000
2023-01-03 10:00:00+00:00,1.1000767610,1.1003249869,1.1000488860,1.1002971119,0.0000000000
2023-01-03 11:00:00+00:00,1.1002971119,1.1003302382,1.1002413639,1.1002744902,0.0000000000
2023-01-03 12:00:00+00:00,1.1002744902,1.1003878995,1.1001252306,1.1002386399,0.0000000000
2023-01-03 13:00:00+00:00,1.1002386399,1.1003361482,1.1000514980,1.1001490063,0.0000000000
2023-01-03 14:00:00+00:00,1.1001490063,1.1002961150,1.1000631887,1.1002102975,0.0000000000
2023-01-03 15:00:00+00:00,1.1002102975,1.1003548879,1.1001255894,1.1002701798,0.0000000000
2023-01-03 16:00:00+00:00,1.1002701798,1.1003700248,1.1001183287,1.1002181737,0.0000000000
2023-01-03 17:00:00+00:00,1.1002181737,1.1005055966,1.1001399147,1.1004273376,0.0000000000
2023-01-03 18:00:00+00:00,1.1004273376,1.1007167932,1.1003658160,1.1006552716,0.0000000000
2023-01-03 19:00:00+00:00,1.1006552716,1.1007835477,1.1005604107,1.1006886869,0.0000000000
2023-01-03 20:00:00+00:00,1.1006886869,1.1007582306,1.1005579979,1.1006275416,0.0000000000
2023-01-03 21:00:00+00:00,1.1006275416,1.1009379834,1.1005122263,1.1008226680,0.0000000000
2023-01-03 22:00:00+00:00,1.1008226680,1.1012429987,1.1007318463,1.1011521770,0.0000000000
2023-01-03 23:00:00+00:00,1.1011521770,1.1013121983,1.1010607263,1.1012207476,0.0000000000
2023-01-04 00:00:00+00:00,1.1012207476,1.1013483037,1.1010419162,1.1011694723,0.0000000000
2023-01-04 01:00:00+00:00,1.1011694723,1.1015539784,1.1010864815,1.1014709876,0.0000000000
2023-01-04 02:00:00+00:00,1.1014709876,1.1015209960,1.1013894116,1.1014394201,0.0000000000
2023-01-04 03:00:00+00:00,1.1014394201,1.1015213691,1.1012952840,1.1013772330,0.0000000000
2023-01-04 04:00:00+00:00,1.1013772330,1.1014537725,1.1012755365,1.1013520760,0.0000000000
2023-01-04 05:00:00+00:00,1.1013520760,1.1014996512,1.1012487886,1.1013963637,0.0000000000
2023-01-04 06:00:00+00:00,1.1013963637,1.1014971742,1.1012401270,1.1013409375,0.0000000000
2023-01-04 07:00:00+00:00,1.1013409375,1.1014382485,1.1011496193,1.1012469304,0.0000000000
2023-01-04 08:00:00+00:00,1.1012469304,1.1013376785,1.1010132527,1.1011040009,0.0000000000
2023-01-04 09:00:00+00:00,1.1011040009,1.1011852191,1.1009956312,1.1010768493,0.0000000000
2023-01-04 10:00:00+00:00,1.1010768493,1.1011501996,1.1009525082,1.1010258585,0.0000000000
2023-01-04 11:00:00+00:00,1.1010258585,1.1010848114,1.1007841765,1.1008431294,0.0000000000
2023-01-04 12:00:00+00:00,1.1008431294,1.1009729363,1.1007248596,1.1008546665,0.0000000000
2023-01-04 13:00:00+00:00,1.1008546665,1.1010038717,1.1007641742,1.1009133794,0.0000000000
2023-01-04 14:00:00+00:00,1.1009133794,1.1010093892,1.1006415708,1.1007375807,0.0000000000
2023-01-04 15:00:00+00:00,1.1007375807,1.1007440163,1.1005905867,1.1005970223,0.0000000000
2023-01-04 16:00:00+00:00,1.1005970223,1.1007105387,1.1003822421,1.1004957585,0.0000000000
2023-01-04 17:00:00+00:00,1.1004957585,1.1007803591,1.1003759508,1.1006605514,0.0000000000
2023-01-04 18:00:00+00:00,1.1006605514,1.1006891615,1.1004239339,1.1004525441,0.0000000000
2023-01-04 19:00:00+00:00,1.1004525441,1.1005846736,1.1003305083,1.1004626378,0.0000000000
2023-01-04 20:00:00+00:00,1.1004626378,1.1007065773,1.1003861168,1.1006300563,0.0000000000
2023-01-04 21:00:00+00:00,1.1006300563,1.1008218435,1.1005324278,1.1007242150,0.0000000000
2023-01-04 22:00:00+00:00,1.1007242150,1.1008162044,1.1005018659,1.1005938554,0.0000000000
2023-01-04 23:00:00+00:00,1.1005938554,1.1006504273,1.1004068270,1.1004633990,0.0000000000
2023-01-05 00:00:00+00:00,1.1004633990,1.1006899271,1.1003463657,1.1005728938,0.0000000000
2023-01-05 01:00:00+00:00,1.1005728938,1.1006438963,1.1003411397,1.1004121422,0.0000000000
2023-01-05 02:00:00+00:00,1.1004121422,1.1005306218,1.1001218466,1.1002403262,0.0000000000
2023-01-05 03:00:00+00:00,1.1002403262,1.1003259966,1.1000122728,1.1000979432,0.0000000000
2023-01-05 04:00:00+00:00,1.1000979432,1.1002207473,1.0998108100,1.0999336142,0.0000000000
2023-01-05 05:00:00+00:00,1.0999336142,1.1000675938,1.0998518341,1.0999858137,0.0000000000
2023-01-05 06:00:00+00:00,1.0999858137,1.1000949499,1.0999063234,1.1000154595,0.0000000000
2023-01-05 07:00:00+00:00,1.1000154595,1.1001013319,1.0998648287,1.0999507011,0.0000000000
2023-01-05 08:00:00+00:00,1.0999507011,1.1000084260,1.0998130799,1.0998708048,0.0000000000
2023-01-05 09:00:00+00:00,1.0998708048,1.0999620212,1.0998015735,1.0998927899,0.0000000000
2023-01-05 10:00:00+00:00,1.0998927899,1.1000810221,1.0998207987,1.1000090309,0.0000000000
2023-01-05 11:00:00+00:00,1.1000090309,1.1001567668,1.0996199464,1.0997676822,0.0000000000
2023-01-05 12:00:00+00:00,1.0997676822,1.0997919812,1.0997520764,1.0997763754,0.0000000000
2023-01-05 13:00:00+00:00,1.0997763754,1.0997804720,1.0996655963,1.0996696929,0.0000000000
2023-01-05 14:00:00+00:00,1.0996696929,1.0997828189,1.0993998622,1.0995129882,0.0000000000
2023-01-05 15:00:00+00:00,1.0995129882,1.0996202929,1.0992668334,1.0993741381,0.0000000000
2023-01-05 16:00:00+00:00,1.0993741381,1.0995165721,1.0993233306,1.0994657646,0.0000000000
2023-01-05 17:00:00+00:00,1.0994657646,1.0995566548,1.0993405676,1.0994314578,0.0000000000
2023-01-05 18:00:00+00:00,1.0994314578,1.0995184338,1.0993558695,1.0994428455,0.0000000000
2023-01-05 19:00:00+00:00,1.0994428455,1.0995622841,1.0993383270,1.0994577655,0.0000000000
2023-01-05 20:00:00+00:00,1.0994577655,1.0996711291,1.0993724652,1.0995858287,0.0000000000
2023-01-05 21:00:00+00:00,1.0995858287,1.0997516310,1.0995099328,1.0996757350,0.0000000000
2023-01-05 22:00:00+00:00,1.0996757350,1.0997827950,1.0996361101,1.0997431700,0.0000000000
2023-01-05 23:00:00+00:00,1.0997431700,1.1000945205,1.0996301655,1.0999815160,0.0000000000
2023-01-06 00:00:00+00:00,1.0999815160,1.1000330432,1.0998575431,1.0999090703,0.0000000000
2023-01-06 01:00:00+00:00,1.0999090703,1.1000592764,1.0998573947,1.1000076008,0.0000000000
2023-01-06 02:00:00+00:00,1.1000076008,1.1001595396,1.0999343934,1.1000863322,0.0000000000
2023-01-06 03:00:00+00:00,1.1000863322,1.1001427544,1.0999215338,1.0999779560,0.0000000000
2023-01-06 04:00:00+00:00,1.0999779560,1.1003243997,1.0999059721,1.1002524158,0.0000000000
2023-01-06 05:00:00+00:00,1.1002524158,1.1004713890,1.1002027324,1.1004217056,0.0000000000
2023-01-06 06:00:00+00:00,1.1004217056,1.1006480868,1.1003413497,1.1005677310,0.0000000000
2023-01-06 07:00:00+00:00,1.1005677310,1.1007025453,1.1000679404,1.1002027547,0.0000000000
2023-01-06 08:00:00+00:00,1.1002027547,1.1003654420,1.1000814655,1.1002441528,0.0000000000
2023-01-06 09:00:00+00:00,1.1002441528,1.1005430831,1.1001667755,1.1004657058,0.0000000000
2023-01-06 10:00:00+00:00,1.1004657058,1.1006889708,1.1004086953,1.1006319602,0.0000000000
2023-01-06 11:00:00+00:00,1.1006319602,1.1007304969,1.1005300861,1.1006286228,0.0000000000
2023-01-06 12:00:00+00:00,1.1006286228,1.1006753644,1.1004468477,1.1004935892,0.0000000000
2023-01-06 13:00:00+00:00,1.1004935892,1.1005734881,1.1003177283,1.1003976272,0.0000000000
2023-01-06 14:00:00+00:00,1.1003976272,1.1005210167,1.1002187543,1.1003421438,0.0000000000
2023-01-06 15:00:00+00:00,1.1003421438,1.1004437943,1.1002527437,1.1003543942,0.0000000000
2023-01-06 16:00:00+00:00,1.1003543942,1.1004684881,1.1002305821,1.1003446760,0.0000000000
2023-01-06 17:00:00+00:00,1.1003446760,1.1004591849,1.1000176665,1.1001321754,0.0000000000
2023-01-06 18:00:00+00:00,1.1001321754,1.1002745492,1.1000594677,1.1002018415,0.0000000000
2023-01-06 19:00:00+00:00,1.1002018415,1.1003436578,1.1001303033,1.1002721196,0.0000000000
2023-01-06 20:00:00+00:00,1.1002721196,1.1004460334,1.1002007164,1.1003746301,0.0000000000
2023-01-06 21:00:00+00:00,1.1003746301,1.1004737375,1.1001407591,1.1002398665,0.0000000000
2023-01-08 22:00:00+00:00,1.1002398665,1.1004554903,1.1001249436,1.1003405674,0.0000000000
2023-01-08 23:00:00+00:00,1.1003405674,1.1004558958,1.1001112385,1.1002265669,0.0000000000
2023-01-09 00:00:00+00:00,1.1002265669,1.1003306508,1.1001031611,1.1002072450,0.0000000000
2023-01-09 01:00:00+00:00,1.1002072450,1.1002852331,1.1001248963,1.1002028844,0.0000000000
2023-01-09 02:00:00+00:00,1.1002028844,1.1003130461,1.1001266700,1.1002368317,0.0000000000
2023-01-09 03:00:00+00:00,1.1002368317,1.1002871767,1.1002355009,1.1002858459,0.0000000000
2023-01-09 04:00:00+00:00,1.1002858459,1.1003932884,1.1001908430,1.1002982855,0.0000000000
2023-01-09 05:00:00+00:00,1.1002982855,1.1003502281,1.1002392205,1.1002911631,0.0000000000
2023-01-09 06:00:00+00:00,1.1002911631,1.1004576195,1.1002254063,1.1003918627,0.0000000000
2023-01-09 07:00:00+00:00,1.1003918627,1.1004230367,1.1003084583,1.1003396323,0.0000000000
2023-01-09 08:00:00+00:00,1.1003396323,1.1004139311,1.1001825320,1.1002568308,0.0000000000
2023-01-09 09:00:00+00:00,1.1002568308,1.1004196566,1.1001214187,1.1002842445,0.0000000000
2023-01-09 10:00:00+00:00,1.1002842445,1.1003451419,1.1001788445,1.1002397419,0.0000000000
2023-01-09 11:00:00+00:00,1.1002397419,1.1003636319,1.1001084567,1.1002323467,0.0000000000
2023-01-09 12:00:00+00:00,1.1002323467,1.1002921556,1.1001463764,1.1002061853,0.0000000000
2023-01-09 13:00:00+00:00,1.1002061853,1.1003576092,1.1001267404,1.1002781643,0.0000000000
2023-01-09 14:00:00+00:00,1.1002781643,1.1003430582,1.1001388137,1.1002037075,0.0000000000
2023-01-09 15:00:00+00:00,1.1002037075,1.1003043903,1.0999242660,1.1000249488,0.0000000000
2023-01-09 16:00:00+00:00,1.1000249488,1.1000471807,1.0999017717,1.0999240036,0.0000000000
2023-01-09 17:00:00+00:00,1.0999240036,1.1001248320,1.0998858149,1.1000866433,0.0000000000
2023-01-09 18:00:00+00:00,1.1000866433,1.1001706657,1.1000240472,1.1001080696,0.0000000000
2023-01-09 19:00:00+00:00,1.1001080696,1.1001424351,1.0999766953,1.1000110608,0.0000000000
2023-01-09 20:00:00+00:00,1.1000110608,1.1003234877,1.0998955514,1.1002079784,0.0000000000
2023-01-09 21:00:00+00:00,1.1002079784,1.1005093250,1.1001273896,1.1004287362,0.0000000000
2023-01-09 22:00:00+00:00,1.1004287362,1.1005198552,1.1002389325,1.1003300514,0.0000000000
2023-01-09 23:00:00+00:00,1.1003300514,1.1004734770,1.1002764752,1.1004199007,0.0000000000
2023-01-10 00:00:00+00:00,1.1004199007,1.1005965638,1.1003481326,1.1005247957,0.0000000000
2023-01-10 01:00:00+00:00,1.1005247957,1.1006233514,1.1004648625,1.1005634182,0.0000000000
2023-01-10 02:00:00+00:00,1.1005634182,1.1006545232,1.1005259241,1.1006170290,0.0000000000
2023-01-10 03:00:00+00:00,1.1006170290,1.1007007990,1.1005466900,1.1006304600,0.0000000000
2023-01-10 04:00:00+00:00,1.1006304600,1.1007547803,1.1005677185,1.1006920388,0.0000000000
2023-01-10 05:00:00+00:00,1.1006920388,1.1007427959,1.1005660137,1.1006167708,0.0000000000
2023-01-10 06:00:00+00:00,1.1006167708,1.1007077110,1.1004699218,1.1005608620,0.0000000000
2023-01-10 07:00:00+00:00,1.1005608620,1.1006603168,1.1005230193,1.1006224742,0.0000000000
2023-01-10 08:00:00+00:00,1.1006224742,1.1006848522,1.1005421988,1.1006045768,0.0000000000
2023-01-10 09:00:00+00:00,1.1006045768,1.1006993659,1.1005349337,1.1006297228,0.0000000000
2023-01-10 10:00:00+00:00,1.1006297228,1.1008300549,1.1005448532,1.1007451853,0.0000000000
2023-01-10 11:00:00+00:00,1.1007451853,1.1007541839,1.1007280907,1.1007370894,0.0000000000
2023-01-10 12:00:00+00:00,1.1007370894,1.1007900834,1.1005017228,1.1005547169,0.0000000000
2023-01-10 13:00:00+00:00,1.1005547169,1.1006378456,1.1003904346,1.1004735632,0.0000000000
2023-01-10 14:00:00+00:00,1.1004735632,1.1005566782,1.1003910401,1.1004741551,0.0000000000
2023-01-10 15:00:00+00:00,1.1004741551,1.1005683724,1.1003864925,1.1004807098,0.0000000000
2023-01-10 16:00:00+00:00,1.1004807098,1.1005640949,1.1003832811,1.1004666662,0.0000000000
2023-01-10 17:00:00+00:00,1.1004666662,1.1005882978,1.1003993282,1.1005209597,0.0000000000
2023-01-10 18:00:00+00:00,1.1005209597,1.1006041015,1.1003802463,1.1004633881,0.0000000000
2023-01-10 19:00:00+00:00,1.1004633881,1.1006042728,1.1004318648,1.1005727495,0.0000000000
2023-01-10 20:00:00+00:00,1.1005727495,1.1007651545,1.1005058655,1.1006982704,0.0000000000
2023-01-10 21:00:00+00:00,1.1006982704,1.1007897928,1.1005432145,1.1006347369,0.0000000000
2023-01-10 22:00:00+00:00,1.1006347369,1.1007394703,1.1005501564,1.1006548898,0.0000000000
2023-01-10 23:00:00+00:00,1.1006548898,1.1008207669,1.1005421872,1.1007080644,0.0000000000
2023-01-11 00:00:00+00:00,1.1007080644,1.1009320208,1.1006731851,1.1008971415,0.0000000000
2023-01-11 01:00:00+00:00,1.1008971415,1.1010187819,1.1007953758,1.1009170162,0.0000000000
2023-01-11 02:00:00+00:00,1.1009170162,1.1009956829,1.1007699930,1.1008486597,0.0000000000
2023-01-11 03:00:00+00:00,1.1008486597,1.1009482236,1.1007807718,1.1008803358,0.0000000000
2023-01-11 04:00:00+00:00,1.1008803358,1.1009741097,1.1007589530,1.1008527269,0.0000000000
2023-01-11 05:00:00+00:00,1.1008527269,1.1010240893,1.1007814053,1.1009527677,0.0000000000
2023-01-11 06:00:00+00:00,1.1009527677,1.1009739238,1.1008840438,1.1009051999,0.0000000000
2023-01-11 07:00:00+00:00,1.1009051999,1.1010229271,1.1007774132,1.1008951403,0.0000000000
2023-01-11 08:00:00+00:00,1.1008951403,1.1009838209,1.1007380536,1.1008267342,0.0000000000
2023-01-11 09:00:00+00:00,1.1008267342,1.1009895901,1.1007958034,1.1009586593,0.0000000000
2023-01-11 10:00:00+00:00,1.1009586593,1.1010014476,1.1006910702,1.1007338585,0.0000000000
2023-01-11 11:00:00+00:00,1.1007338585,1.1008024239,1.1006526019,1.1007211673,0.0000000000
2023-01-11 12:00:00+00:00,1.1007211673,1.1008191649,1.1005565384,1.1006545361,0.0000000000
2023-01-11 13:00:00+00:00,1.1006545361,1.1007996057,1.1005977624,1.1007428320,0.0000000000
2023-01-11 14:00:00+00:00,1.1007428320,1.1009571376,1.1006660576,1.1008803631,0.0000000000
2023-01-11 15:00:00+00:00,1.1008803631,1.1009571885,1.1007499381,1.1008267635,0.0000000000
2023-01-11 16:00:00+00:00,1.1008267635,1.1008867308,1.1005795221,1.1006394894,0.0000000000
2023-01-11 17:00:00+00:00,1.1006394894,1.1010067868,1.1005606269,1.1009279242,0.0000000000
2023-01-11 18:00:00+00:00,1.1009279242,1.1011402655,1.1008324740,1.1010448152,0.0000000000
2023-01-11 19:00:00+00:00,1.1010448152,1.1011482185,1.1009240476,1.1010274509,0.0000000000
2023-01-11 20:00:00+00:00,1.1010274509,1.1011255928,1.1009104192,1.1010085611,0.0000000000
2023-01-11 21:00:00+00:00,1.1010085611,1.1010776166,1.1007382251,1.1008072806,0.0000000000
2023-01-11 22:00:00+00:00,1.1008072806,1.1009388458,1.1007052455,1.1008368107,0.0000000000
2023-01-11 23:00:00+00:00,1.1008368107,1.1009079509,1.1007782161,1.1008493563,0.0000000000
2023-01-12 00:00:00+00:00,1.1008493563,1.1008931364,1.1006108294,1.1006546095,0.0000000000
2023-01-12 01:00:00+00:00,1.1006546095,1.1007017058,1.1005118165,1.1005589128,0.0000000000
2023-01-12 02:00:00+00:00,1.1005589128,1.1006260396,1.1002778244,1.1003449513,0.0000000000
2023-01-12 03:00:00+00:00,1.1003449513,1.1005014188,1.1002927449,1.1004492125,0.0000000000
2023-01-12 04:00:00+00:00,1.1004492125,1.1005007397,1.1002659217,1.1003174488,0.0000000000
2023-01-12 05:00:00+00:00,1.1003174488,1.1004173416,1.1000334760,1.1001333688,0.0000000000
2023-01-12 06:00:00+00:00,1.1001333688,1.1001939930,1.0999460989,1.1000067230,0.0000000000
2023-01-12 07:00:00+00:00,1.1000067230,1.1000739628,1.0999632482,1.1000304880,0.0000000000
2023-01-12 08:00:00+00:00,1.1000304880,1.1001375694,1.0999621681,1.1000692495,0.0000000000
2023-01-12 09:00:00+00:00,1.1000692495,1.1001572281,1.0998841757,1.0999721543,0.0000000000
2023-01-12 10:00:00+00:00,1.0999721543,1.1000612143,1.0999002042,1.0999892641,0.0000000000
2023-01-12 11:00:00+00:00,1.0999892641,1.1001352993,1.0998878765,1.1000339116,0.0000000000
2023-01-12 12:00:00+00:00,1.1000339116,1.1001622596,1.0999320913,1.1000604393,0.0000000000
2023-01-12 13:00:00+00:00,1.1000604393,1.1001714190,1.0998965548,1.1000075345,0.0000000000
2023-01-12 14:00:00+00:00,1.1000075345,1.1001777058,1.0999092559,1.1000794273,0.0000000000
2023-01-12 15:00:00+00:00,1.1000794273,1.1001631941,1.0997671200,1.0998508869,0.0000000000
2023-01-12 16:00:00+00:00,1.0998508869,1.0999348027,1.0996614154,1.0997453312,0.0000000000
2023-01-12 17:00:00+00:00,1.0997453312,1.0998666374,1.0996207662,1.0997420724,0.0000000000
2023-01-12 18:00:00+00:00,1.0997420724,1.0997951447,1.0996145602,1.0996676325,0.0000000000
2023-01-12 19:00:00+00:00,1.0996676325,1.0996968191,1.0996198249,1.0996490115,0.0000000000
2023-01-12 20:00:00+00:00,1.0996490115,1.0997765303,1.0994284765,1.0995559953,0.0000000000
2023-01-12 21:00:00+00:00,1.0995559953,1.0996448538,1.0992555016,1.0993443601,0.0000000000
2023-01-12 22:00:00+00:00,1.0993443601,1.0994422380,1.0992316469,1.0993295248,0.0000000000
2023-01-12 23:00:00+00:00,1.0993295248,1.0994341435,1.0992247484,1.0993293670,0.0000000000
2023-01-13 00:00:00+00:00,1.0993293670,1.0995250356,1.0992717107,1.0994673793,0.0000000000
2023-01-13 01:00:00+00:00,1.0994673793,1.0996037775,1.0992622745,1.0993986727,0.0000000000
2023-01-13 02:00:00+00:00,1.0993986727,1.0996011706,1.0993397011,1.0995421990,0.0000000000
2023-01-13 03:00:00+00:00,1.0995421990,1.0996031375,1.0994078926,1.0994688311,0.0000000000
2023-01-13 04:00:00+00:00,1.0994688311,1.0995580532,1.0993320290,1.0994212511,0.0000000000
2023-01-13 05:00:00+00:00,1.0994212511,1.0995934716,1.0993297848,1.0995020054,0.0000000000
2023-01-13 06:00:00+00:00,1.0995020054,1.0995857709,1.0994335437,1.0995173092,0.0000000000
2023-01-13 07:00:00+00:00,1.0995173092,1.0997904506,1.0994060252,1.0996791666,0.0000000000
2023-01-13 08:00:00+00:00,1.0996791666,1.0997871094,1.0995506621,1.0996586049,0.0000000000
2023-01-13 09:00:00+00:00,1.0996586049,1.0997294959,1.0995633134,1.0996342043,0.0000000000
2023-01-13 10:00:00+00:00,1.0996342043,1.0997880993,1.0995551434,1.0997090384,0.0000000000
2023-01-13 11:00:00+00:00,1.0997090384,1.0998169843,1.0995323231,1.0996402691,0.0000000000
2023-01-13 12:00:00+00:00,1.0996402691,1.0997342577,1.0995734470,1.0996674356,0.0000000000
2023-01-13 13:00:00+00:00,1.0996674356,1.0997680678,1.0996147386,1.0997153707,0.0000000000
2023-01-13 14:00:00+00:00,1.0997153707,1.0998709514,1.0996186346,1.0997742153,0.0000000000
2023-01-13 15:00:00+00:00,1.0997742153,1.1000224872,1.0996932533,1.0999415253,0.0000000000
2023-01-13 16:00:00+00:00,1.0999415253,1.1000501681,1.0998730854,1.0999817282,0.0000000000
2023-01-13 17:00:00+00:00,1.0999817282,1.1001205741,1.0998491040,1.0999879498,0.0000000000
2023-01-13 18:00:00+00:00,1.0999879498,1.1000253383,1.0999236954,1.0999610838,0.0000000000
2023-01-13 19:00:00+00:00,1.0999610838,1.1000822437,1.0998233882,1.0999445481,0.0000000000
2023-01-13 20:00:00+00:00,1.0999445481,1.1002563219,1.0998159099,1.1001276838,0.0000000000
2023-01-13 21:00:00+00:00,1.1001276838,1.1002597513,1.1000487863,1.1001808539,0.0000000000
2023-01-15 22:00:00+00:00,1.1001808539,1.1002926215,1.1001310870,1.1002428546,0.0000000000
2023-01-15 23:00:00+00:00,1.1002428546,1.1005468074,1.1001597048,1.1004636576,0.0000000000
2023-01-16 00:00:00+00:00,1.1004636576,1.1005373751,1.1001058344,1.1001795520,0.0000000000
2023-01-16 01:00:00+00:00,1.1001795520,1.1003863750,1.1000751554,1.1002819784,0.0000000000
2023-01-16 02:00:00+00:00,1.1002819784,1.1003808710,1.1001367212,1.1002356138,0.0000000000
2023-01-16 03:00:00+00:00,1.1002356138,1.1003393280,1.1001464510,1.1002501653,0.0000000000
2023-01-16 04:00:00+00:00,1.1002501653,1.1004265402,1.1001808093,1.1003571843,0.0000000000
2023-01-16 05:00:00+00:00,1.1003571843,1.1004043549,1.1002663556,1.1003135262,0.0000000000
2023-01-16 06:00:00+00:00,1.1003135262,1.1004190155,1.1002227643,1.1003282536,0.0000000000
2023-01-16 07:00:00+00:00,1.1003282536,1.1003866797,1.1001636183,1.1002220444,0.0000000000
2023-01-16 08:00:00+00:00,1.1002220444,1.1003039246,1.0998722085,1.0999540886,0.0000000000
2023-01-16 09:00:00+00:00,1.0999540886,1.1001002304,1.0999271651,1.1000733069,0.0000000000
2023-01-16 10:00:00+00:00,1.1000733069,1.1001462442,1.0997232883,1.0997962257,0.0000000000
2023-01-16 11:00:00+00:00,1.0997962257,1.0999742528,1.0997265568,1.0999045839,0.0000000000
2023-01-16 12:00:00+00:00,1.0999045839,1.1001676505,1.0997875260,1.1000505925,0.0000000000
2023-01-16 13:00:00+00:00,1.1000505925,1.1001153505,1.0999884865,1.1000532445,0.0000000000
2023-01-16 14:00:00+00:00,1.1000532445,1.1002555038,1.0999209657,1.1001232250,0.0000000000
2023-01-16 15:00:00+00:00,1.1001232250,1.1002846340,1.1000568411,1.1002182501,0.0000000000
2023-01-16 16:00:00+00:00,1.1002182501,1.1003555851,1.1001618625,1.1002991975,0.0000000000
2023-01-16 17:00:00+00:00,1.1002991975,1.1003920351,1.0999600601,1.1000528977,0.0000000000
2023-01-16 18:00:00+00:00,1.1000528977,1.1001191009,1.0998427240,1.0999089272,0.0000000000
2023-01-16 19:00:00+00:00,1.0999089272,1.1002988181,1.0998343210,1.1002242119,0.0000000000
2023-01-16 20:00:00+00:00,1.1002242119,1.1007467086,1.1001156336,1.1006381303,0.0000000000
2023-01-16 21:00:00+00:00,1.1006381303,1.1007543846,1.1005220075,1.1006382617,0.0000000000
2023-01-16 22:00:00+00:00,1.1006382617,1.1007881478,1.1005748595,1.1007247456,0.0000000000
2023-01-16 23:00:00+00:00,1.1007247456,1.1007832670,1.1006473628,1.1007058842,0.0000000000
2023-01-17 00:00:00+00:00,1.1007058842,1.1008210650,1.1003604219,1.1004756026,0.0000000000
2023-01-17 01:00:00+00:00,1.1004756026,1.1007508340,1.1003689630,1.1006441944,0.0000000000
2023-01-17 02:00:00+00:00,1.1006441944,1.1011035270,1.1005587329,1.1010180655,0.0000000000
2023-01-17 03:00:00+00:00,1.1010180655,1.1011305197,1.1007778105,1.1008902647,0.0000000000
2023-01-17 04:00:00+00:00,1.1008902647,1.1009822217,1.1007665418,1.1008584988,0.0000000000
2023-01-17 05:00:00+00:00,1.1008584988,1.1010225951,1.1007672188,1.1009313151,0.0000000000
2023-01-17 06:00:00+00:00,1.1009313151,1.1010118742,1.1008224267,1.1009029857,0.0000000000
2023-01-17 07:00:00+00:00,1.1009029857,1.1009959744,1.1006862278,1.1007792165,0.0000000000
2023-01-17 08:00:00+00:00,1.1007792165,1.1008392012,1.1007060435,1.1007660281,0.0000000000
2023-01-17 09:00:00+00:00,1.1007660281,1.1008567635,1.1003616733,1.1004524087,0.0000000000
2023-01-17 10:00:00+00:00,1.1004524087,1.1005025164,1.1003741829,1.1004242906,0.0000000000
2023-01-17 11:00:00+00:00,1.1004242906,1.1005210037,1.1001922531,1.1002889662,0.0000000000
2023-01-17 12:00:00+00:00,1.1002889662,1.1004660745,1.1002171427,1.1003942509,0.0000000000
2023-01-17 13:00:00+00:00,1.1003942509,1.1004976520,1.1002031977,1.1003065988,0.0000000000
2023-01-17 14:00:00+00:00,1.1003065988,1.1003766176,1.1002023118,1.1002723307,0.0000000000
2023-01-17 15:00:00+00:00,1.1002723307,1.1003067158,1.1002186237,1.1002530089,0.0000000000
2023-01-17 16:00:00+00:00,1.1002530089,1.1005478501,1.1001578437,1.1004526849,0.0000000000
2023-01-17 17:00:00+00:00,1.1004526849,1.1005253209,1.1003213770,1.1003940130,0.0000000000
2023-01-17 18:00:00+00:00,1.1003940130,1.1005428025,1.1002843263,1.1004331159,0.0000000000
2023-01-17 19:00:00+00:00,1.1004331159,1.1006286684,1.1003150831,1.1005106356,0.0000000000
2023-01-17 20:00:00+00:00,1.1005106356,1.1006175406,1.1003703745,1.1004772795,0.0000000000
2023-01-17 21:00:00+00:00,1.1004772795,1.1005613559,1.1004056069,1.1004896833,0.0000000000
2023-01-17 22:00:00+00:00,1.1004896833,1.1005958613,1.1002667463,1.1003729243,0.0000000000
2023-01-17 23:00:00+00:00,1.1003729243,1.1004321959,1.1002313668,1.1002906384,0.0000000000
2023-01-18 00:00:00+00:00,1.1002906384,1.1004497969,1.1002134079,1.1003725665,0.0000000000
2023-01-18 01:00:00+00:00,1.1003725665,1.1004116469,1.1003267459,1.1003658263,0.0000000000
2023-01-18 02:00:00+00:00,1.1003658263,1.1004688224,1.1002553606,1.1003583567,0.0000000000
2023-01-18 03:00:00+00:00,1.1003583567,1.1004541371,1.1000115564,1.1001073367,0.0000000000
2023-01-18 04:00:00+00:00,1.1001073367,1.1003650317,1.0999910913,1.1002487863,0.0000000000
2023-01-18 05:00:00+00:00,1.1002487863,1.1003389553,1.1001078955,1.1001980646,0.0000000000
2023-01-18 06:00:00+00:00,1.1001980646,1.1003650275,1.1000742791,1.1002412420,0.0000000000
2023-01-18 07:00:00+00:00,1.1002412420,1.1004405478,1.1001457210,1.1003450268,0.0000000000
2023-01-18 08:00:00+00:00,1.1003450268,1.1004389328,1.1001297905,1.1002236965,0.0000000000
2023-01-18 09:00:00+00:00,1.1002236965,1.1005337980,1.1001703319,1.1004804334,0.0000000000
2023-01-18 10:00:00+00:00,1.1004804334,1.1005478481,1.1002107234,1.1002781381,0.0000000000
2023-01-18 11:00:00+00:00,1.1002781381,1.1003636270,1.1000792098,1.1001646987,0.0000000000
2023-01-18 12:00:00+00:00,1.1001646987,1.1002730818,1.0999069324,1.1000153155,0.0000000000
2023-01-18 13:00:00+00:00,1.1000153155,1.1001383847,1.0999237923,1.1000468615,0.0000000000
2023-01-18 14:00:00+00:00,1.1000468615,1.1001291752,1.0999276733,1.1000099870,0.0000000000
2023-01-18 15:00:00+00:00,1.1000099870,1.1000642981,1.0998660603,1.0999203714,0.0000000000
2023-01-18 16:00:00+00:00,1.0999203714,1.0999977688,1.0997159900,1.0997933874,0.0000000000
2023-01-18 17:00:00+00:00,1.0997933874,1.0999304470,1.0997391386,1.0998761982,0.0000000000
2023-01-18 18:00:00+00:00,1.0998761982,1.0998975027,1.0996998446,1.0997211492,0.0000000000
2023-01-18 19:00:00+00:00,1.0997211492,1.0999472676,1.0996132620,1.0998393804,0.0000000000
2023-01-18 20:00:00+00:00,1.0998393804,1.0999004232,1.0994715020,1.0995325448,0.0000000000
2023-01-18 21:00:00+00:00,1.0995325448,1.0996062951,1.0993848676,1.0994586179,0.0000000000
2023-01-18 22:00:00+00:00,1.0994586179,1.0995500639,1.0992729956,1.0993644416,0.0000000000
2023-01-18 23:00:00+00:00,1.0993644416,1.0994196911,1.0993097800,1.0993650295,0.0000000000
2023-01-19 00:00:00+00:00,1.0993650295,1.0994239358,1.0992564949,1.0993154011,0.0000000000
2023-01-19 01:00:00+00:00,1.0993154011,1.0994359332,1.0991962337,1.0993167657,0.0000000000
2023-01-19 02:00:00+00:00,1.0993167657,1.0994058590,1.0991557754,1.0992448686,0.0000000000
2023-01-19 03:00:00+00:00,1.0992448686,1.0993514166,1.0990539068,1.0991604547,0.0000000000
2023-01-19 04:00:00+00:00,1.0991604547,1.0992597252,1.0989548712,1.0990541417,0.0000000000
2023-01-19 05:00:00+00:00,1.0990541417,1.0991917554,1.0989492148,1.0990868286,0.0000000000
2023-01-19 06:00:00+00:00,1.0990868286,1.0991655919,1.0989604008,1.0990391641,0.0000000000
2023-01-19 07:00:00+00:00,1.0990391641,1.0991123483,1.0989066156,1.0989797998,0.0000000000
2023-01-19 08:00:00+00:00,1.0989797998,1.0993447462,1.0988321324,1.0991970789,0.0000000000
2023-01-19 09:00:00+00:00,1.0991970789,1.0993856108,1.0991147242,1.0993032562,0.0000000000
2023-01-19 10:00:00+00:00,1.0993032562,1.0993716247,1.0990025146,1.0990708831,0.0000000000
2023-01-19 11:00:00+00:00,1.0990708831,1.0991606869,1.0988450235,1.0989348273,0.0000000000
2023-01-19 12:00:00+00:00,1.0989348273,1.0990077706,1.0986192406,1.0986921839,0.0000000000
2023-01-19 13:00:00+00:00,1.0986921839,1.0987706383,1.0984885061,1.0985669605,0.0000000000
2023-01-19 14:00:00+00:00,1.0985669605,1.0986690838,1.0984007951,1.0985029185,0.0000000000
2023-01-19 15:00:00+00:00,1.0985029185,1.0987404416,1.0983976619,1.0986351850,0.0000000000
2023-01-19 16:00:00+00:00,1.0986351850,1.0987248152,1.0983765344,1.0984661646,0.0000000000
2023-01-19 17:00:00+00:00,1.0984661646,1.0986153374,1.0984014747,1.0985506474,0.0000000000
2023-01-19 18:00:00+00:00,1.0985506474,1.0986282481,1.0984026342,1.0984802348,0.0000000000
2023-01-19 19:00:00+00:00,1.0984802348,1.0987433048,1.0983565531,1.0986196231,0.0000000000
2023-01-19 20:00:00+00:00,1.0986196231,1.0987855633,1.0985179906,1.0986839308,0.0000000000
2023-01-19 21:00:00+00:00,1.0986839308,1.0989371956,1.0985929716,1.0988462363,0.0000000000
2023-01-19 22:00:00+00:00,1.0988462363,1.0990235623,1.0987396622,1.0989169882,0.0000000000
2023-01-19 23:00:00+00:00,1.0989169882,1.0990804868,1.0988354143,1.0989989129,0.0000000000
2023-01-20 00:00:00+00:00,1.0989989129,1.0991732926,1.0989074879,1.0990818676,0.0000000000
2023-01-20 01:00:00+00:00,1.0990818676,1.0991350540,1.0988963616,1.0989495480,0.0000000000
2023-01-20 02:00:00+00:00,1.0989495480,1.0990089658,1.0987197898,1.0987792077,0.0000000000
2023-01-20 03:00:00+00:00,1.0987792077,1.0988575902,1.0986510097,1.0987293922,0.0000000000
2023-01-20 04:00:00+00:00,1.0987293922,1.0987935770,1.0985461679,1.0986103526,0.0000000000
2023-01-20 05:00:00+00:00,1.0986103526,1.0986420621,1.0984454576,1.0984771671,0.0000000000
2023-01-20 06:00:00+00:00,1.0984771671,1.0985421914,1.0983740134,1.0984390378,0.0000000000
2023-01-20 07:00:00+00:00,1.0984390378,1.0986544632,1.0983434137,1.0985588392,0.0000000000
2023-01-20 08:00:00+00:00,1.0985588392,1.0986190446,1.0984194203,1.0984796258,0.0000000000
2023-01-20 09:00:00+00:00,1.0984796258,1.0986753009,1.0984018327,1.0985975079,0.0000000000
2023-01-20 10:00:00+00:00,1.0985975079,1.0986817189,1.0985069195,1.0985911306,0.0000000000
2023-01-20 11:00:00+00:00,1.0985911306,1.0986666705,1.0983885665,1.0984641064,0.0000000000
2023-01-20 12:00:00+00:00,1.0984641064,1.0985103411,1.0983655745,1.0984118092,0.0000000000
2023-01-20 13:00:00+00:00,1.0984118092,1.0986371270,1.0983214649,1.0985467827,0.0000000000
2023-01-20 14:00:00+00:00,1.0985467827,1.0988004376,1.0984305462,1.0986842010,0.0000000000
2023-01-20 15:00:00+00:00,1.0986842010,1.0989626840,1.0986055055,1.0988839885,0.0000000000
2023-01-20 16:00:00+00:00,1.0988839885,1.0990000504,1.0988028501,1.0989189120,0.0000000000
2023-01-20 17:00:00+00:00,1.0989189120,1.0992250169,1.0988450333,1.0991511382,0.0000000000
2023-01-20 18:00:00+00:00,1.0991511382,1.0995399013,1.0990649643,1.0994537274,0.0000000000
2023-01-20 19:00:00+00:00,1.0994537274,1.0996087258,1.0993734661,1.0995284645,0.0000000000
2023-01-20 20:00:00+00:00,1.0995284645,1.0995714268,1.0994092374,1.0994521997,0.0000000000
2023-01-20 21:00:00+00:00,1.0994521997,1.0995198520,1.0993800142,1.0994476666,0.0000000000
2023-01-22 22:00:00+00:00,1.0994476666,1.0997013004,1.0993513949,1.0996050287,0.0000000000
2023-01-22 23:00:00+00:00,1.0996050287,1.0998347717,1.0994688742,1.0996986172,0.0000000000
2023-01-23 00:00:00+00:00,1.0996986172,1.0999106191,1.0995863962,1.0997983981,0.0000000000
2023-01-23 01:00:00+00:00,1.0997983981,1.0998910431,1.0996746436,1.0997672886,0.0000000000
2023-01-23 02:00:00+00:00,1.0997672886,1.1000629727,1.0996769711,1.0999726552,0.0000000000
2023-01-23 03:00:00+00:00,1.0999726552,1.1000427952,1.0997955118,1.0998656518,0.0000000000
2023-01-23 04:00:00+00:00,1.0998656518,1.0999695455,1.0996510869,1.0997549807,0.0000000000
2023-01-23 05:00:00+00:00,1.0997549807,1.0999659038,1.0996227335,1.0998336567,0.0000000000
2023-01-23 06:00:00+00:00,1.0998336567,1.0999682519,1.0997191296,1.0998537248,0.0000000000
2023-01-23 07:00:00+00:00,1.0998537248,1.0999818721,1.0997933257,1.0999214729,0.0000000000
2023-01-23 08:00:00+00:00,1.0999214729,1.1000303833,1.0998642398,1.0999731503,0.0000000000
2023-01-23 09:00:00+00:00,1.0999731503,1.1000560820,1.0998091921,1.0998921238,0.0000000000
2023-01-23 10:00:00+00:00,1.0998921238,1.0999600046,1.0997772534,1.0998451342,0.0000000000
2023-01-23 11:00:00+00:00,1.0998451342,1.0998983931,1.0997401297,1.0997933886,0.0000000000
2023-01-23 12:00:00+00:00,1.0997933886,1.1000317475,1.0997357289,1.0999740878,0.0000000000
2023-01-23 13:00:00+00:00,1.0999740878,1.1000501224,1.0997994409,1.0998754755,0.0000000000
2023-01-23 14:00:00+00:00,1.0998754755,1.0999704886,1.0997472095,1.0998422226,0.0000000000
2023-01-23 15:00:00+00:00,1.0998422226,1.0999236142,1.0995583193,1.0996397109,0.0000000000
2023-01-23 16:00:00+00:00,1.0996397109,1.0997198723,1.0994655897,1.0995457511,0.0000000000
2023-01-23 17:00:00+00:00,1.0995457511,1.0995762670,1.0994251238,1.0994556396,0.0000000000
2023-01-23 18:00:00+00:00,1.0994556396,1.0995629683,1.0994450085,1.0995523372,0.0000000000
2023-01-23 19:00:00+00:00,1.0995523372,1.0996571855,1.0993887687,1.0994936170,0.0000000000
2023-01-23 20:00:00+00:00,1.0994936170,1.0996205993,1.0994352089,1.0995621911,0.0000000000
2023-01-23 21:00:00+00:00,1.0995621911,1.0998251609,1.0994885871,1.0997515570,0.0000000000
2023-01-23 22:00:00+00:00,1.0997515570,1.0999611048,1.0996838803,1.0998934281,0.0000000000
2023-01-23 23:00:00+00:00,1.0998934281,1.1000438736,1.0998003090,1.0999507545,0.0000000000
2023-01-24 00:00:00+00:00,1.0999507545,1.1000918335,1.0999153695,1.1000564486,0.0000000000
2023-01-24 01:00:00+00:00,1.1000564486,1.1003351790,1.0999532169,1.1002319473,0.0000000000
2023-01-24 02:00:00+00:00,1.1002319473,1.1003199196,1.0998957105,1.0999836828,0.0000000000
2023-01-24 03:00:00+00:00,1.0999836828,1.1000971799,1.0997895614,1.0999030586,0.0000000000
2023-01-24 04:00:00+00:00,1.0999030586,1.1000728780,1.0997971180,1.0999669374,0.0000000000
2023-01-24 05:00:00+00:00,1.0999669374,1.1002011363,1.0998463921,1.1000805909,0.0000000000
2023-01-24 06:00:00+00:00,1.1000805909,1.1001681486,1.0999651645,1.1000527222,0.0000000000
2023-01-24 07:00:00+00:00,1.1000527222,1.1001528290,1.1000038074,1.1001039141,0.0000000000
2023-01-24 08:00:00+00:00,1.1001039141,1.1003863168,1.1000127964,1.1002951991,0.0000000000
2023-01-24 09:00:00+00:00,1.1002951991,1.1003672065,1.1001172958,1.1001893033,0.0000000000
2023-01-24 10:00:00+00:00,1.1001893033,1.1003573713,1.1000794631,1.1002475310,0.0000000000
2023-01-24 11:00:00+00:00,1.1002475310,1.1003398885,1.1000930100,1.1001853674,0.0000000000
2023-01-24 12:00:00+00:00,1.1001853674,1.1002276435,1.1000160904,1.1000583665,0.0000000000
2023-01-24 13:00:00+00:00,1.1000583665,1.1001180331,1.0997720295,1.0998316961,0.0000000000
2023-01-24 14:00:00+00:00,1.0998316961,1.0999448321,1.0995710378,1.0996841738,0.0000000000
2023-01-24 15:00:00+00:00,1.0996841738,1.0997531233,1.0994229656,1.0994919152,0.0000000000
2023-01-24 16:00:00+00:00,1.0994919152,1.0995434286,1.0993372496,1.0993887629,0.0000000000
2023-01-24 17:00:00+00:00,1.0993887629,1.0995636157,1.0992880008,1.0994628536,0.0000000000
2023-01-24 18:00:00+00:00,1.0994628536,1.0994953694,1.0992554796,1.0992879954,0.0000000000
2023-01-24 19:00:00+00:00,1.0992879954,1.0994113944,1.0991731534,1.0992965523,0.0000000000
2023-01-24 20:00:00+00:00,1.0992965523,1.0993655560,1.0992340124,1.0993030161,0.0000000000
2023-01-24 21:00:00+00:00,1.0993030161,1.0993558179,1.0991988799,1.0992516817,0.0000000000
2023-01-24 22:00:00+00:00,1.0992516817,1.0996328604,1.0991448756,1.0995260543,0.0000000000
2023-01-24 23:00:00+00:00,1.0995260543,1.0996006041,1.0993124133,1.0993869631,0.0000000000
2023-01-25 00:00:00+00:00,1.0993869631,1.0996358696,1.0993145194,1.0995634259,0.0000000000
2023-01-25 01:00:00+00:00,1.0995634259,1.0995947310,1.0990517782,1.0990830832,0.0000000000
2023-01-25 02:00:00+00:00,1.0990830832,1.0992691518,1.0989697174,1.0991557859,0.0000000000
2023-01-25 03:00:00+00:00,1.0991557859,1.0992458199,1.0990366590,1.0991266930,0.0000000000
2023-01-25 04:00:00+00:00,1.0991266930,1.0992212973,1.0990082624,1.0991028667,0.0000000000
2023-01-25 05:00:00+00:00,1.0991028667,1.0991516825,1.0990324632,1.0990812790,0.0000000000
2023-01-25 06:00:00+00:00,1.0990812790,1.0991924810,1.0988734240,1.0989846260,0.0000000000
2023-01-25 07:00:00+00:00,1.0989846260,1.0990922184,1.0988096771,1.0989172695,0.0000000000
2023-01-25 08:00:00+00:00,1.0989172695,1.0989719858,1.0987903612,1.0988450775,0.0000000000
2023-01-25 09:00:00+00:00,1.0988450775,1.0989185215,1.0987322007,1.0988056447,0.0000000000
2023-01-25 10:00:00+00:00,1.0988056447,1.0989329350,1.0985989407,1.0987262310,0.0000000000
2023-01-25 11:00:00+00:00,1.0987262310,1.0988143157,1.0984554294,1.0985435141,0.0000000000
2023-01-25 12:00:00+00:00,1.0985435141,1.0986977298,1.0984575987,1.0986118144,0.0000000000
2023-01-25 13:00:00+00:00,1.0986118144,1.0987717228,1.0985772915,1.0987371999,0.0000000000
2023-01-25 14:00:00+00:00,1.0987371999,1.0988776905,1.0985006197,1.0986411104,0.0000000000
2023-01-25 15:00:00+00:00,1.0986411104,1.0987642640,1.0985815377,1.0987046913,0.0000000000
2023-01-25 16:00:00+00:00,1.0987046913,1.0988147664,1.0986446559,1.0987547310,0.0000000000
2023-01-25 17:00:00+00:00,1.0987547310,1.0988723006,1.0986643902,1.0987819598,0.0000000000
2023-01-25 18:00:00+00:00,1.0987819598,1.0988514863,1.0986796722,1.0987491987,0.0000000000
2023-01-25 19:00:00+00:00,1.0987491987,1.0989734877,1.0986667257,1.0988910147,0.0000000000
2023-01-25 20:00:00+00:00,1.0988910147,1.0989833172,1.0988007657,1.0988930682,0.0000000000
2023-01-25 21:00:00+00:00,1.0988930682,1.0989780473,1.0984822074,1.0985671865,0.0000000000
2023-01-25 22:00:00+00:00,1.0985671865,1.0986750120,1.0985091442,1.0986169696,0.0000000000
2023-01-25 23:00:00+00:00,1.0986169696,1.0986696250,1.0984541313,1.0985067867,0.0000000000
2023-01-26 00:00:00+00:00,1.0985067867,1.0985966787,1.0982135286,1.0983034206,0.0000000000
2023-01-26 01:00:00+00:00,1.0983034206,1.0987978931,1.0981956417,1.0986901142,0.0000000000
2023-01-26 02:00:00+00:00,1.0986901142,1.0988091708,1.0985986028,1.0987176593,0.0000000000
2023-01-26 03:00:00+00:00,1.0987176593,1.0988168745,1.0984882636,1.0985874788,0.0000000000
2023-01-26 04:00:00+00:00,1.0985874788,1.0987774816,1.0985211279,1.0987111307,0.0000000000
2023-01-26 05:00:00+00:00,1.0987111307,1.0988774140,1.0986490848,1.0988153681,0.0000000000
2023-01-26 06:00:00+00:00,1.0988153681,1.0990479588,1.0987186126,1.0989512033,0.0000000000
2023-01-26 07:00:00+00:00,1.0989512033,1.0991440216,1.0988763079,1.0990691262,0.0000000000
2023-01-26 08:00:00+00:00,1.0990691262,1.0992726316,1.0989887052,1.0991922106,0.0000000000
2023-01-26 09:00:00+00:00,1.0991922106,1.0992790851,1.0989415364,1.0990284109,0.0000000000
2023-01-26 10:00:00+00:00,1.0990284109,1.0991083382,1.0988606799,1.0989406072,0.0000000000
2023-01-26 11:00:00+00:00,1.0989406072,1.0990879081,1.0988845524,1.0990318533,0.0000000000
2023-01-26 12:00:00+00:00,1.0990318533,1.0990947945,1.0987744670,1.0988374081,0.0000000000
2023-01-26 13:00:00+00:00,1.0988374081,1.0990038829,1.0987124682,1.0988789430,0.0000000000
2023-01-26 14:00:00+00:00,1.0988789430,1.0989320803,1.0985967345,1.0986498718,0.0000000000
2023-01-26 15:00:00+00:00,1.0986498718,1.0988687451,1.0985242220,1.0987430952,0.0000000000
2023-01-26 16:00:00+00:00,1.0987430952,1.0990894413,1.0986770007,1.0990233467,0.0000000000
2023-01-26 17:00:00+00:00,1.0990233467,1.0991240997,1.0988541473,1.0989549003,0.0000000000
2023-01-26 18:00:00+00:00,1.0989549003,1.0991383905,1.0988455188,1.0990290090,0.0000000000
2023-01-26 19:00:00+00:00,1.0990290090,1.0991440523,1.0988627547,1.0989777980,0.0000000000
2023-01-26 20:00:00+00:00,1.0989777980,1.0990331276,1.0987594786,1.0988148082,0.0000000000
2023-01-26 21:00:00+00:00,1.0988148082,1.0989018318,1.0987403695,1.0988273931,0.0000000000
2023-01-26 22:00:00+00:00,1.0988273931,1.0989364984,1.0984925841,1.0986016895,0.0000000000
2023-01-26 23:00:00+00:00,1.0986016895,1.0987354791,1.0985169566,1.0986507461,0.0000000000
2023-01-27 00:00:00+00:00,1.0986507461,1.0990108796,1.0985942236,1.0989543572,0.0000000000
2023-01-27 01:00:00+00:00,1.0989543572,1.0990205851,1.0987631393,1.0988293672,0.0000000000
2023-01-27 02:00:00+00:00,1.0988293672,1.0989194378,1.0985741961,1.0986642667,0.0000000000
2023-01-27 03:00:00+00:00,1.0986642667,1.0987702378,1.0983126557,1.0984186268,0.0000000000
2023-01-27 04:00:00+00:00,1.0984186268,1.0984862933,1.0982904093,1.0983580758,0.0000000000
2023-01-27 05:00:00+00:00,1.0983580758,1.0984632969,1.0982015061,1.0983067272,0.0000000000
2023-01-27 06:00:00+00:00,1.0983067272,1.0983545058,1.0979517632,1.0979995418,0.0000000000
2023-01-27 07:00:00+00:00,1.0979995418,1.0980751891,1.0978268275,1.0979024747,0.0000000000
2023-01-27 08:00:00+00:00,1.0979024747,1.0980849903,1.0978102154,1.0979927310,0.0000000000
2023-01-27 09:00:00+00:00,1.0979927310,1.0981749520,1.0979017657,1.0980839867,0.0000000000
2023-01-27 10:00:00+00:00,1.0980839867,1.0982906114,1.0980080236,1.0982146482,0.0000000000
2023-01-27 11:00:00+00:00,1.0982146482,1.0983179081,1.0980457508,1.0981490107,0.0000000000
2023-01-27 12:00:00+00:00,1.0981490107,1.0982332328,1.0980233723,1.0981075944,0.0000000000
2023-01-27 13:00:00+00:00,1.0981075944,1.0981984218,1.0979495619,1.0980403892,0.0000000000
2023-01-27 14:00:00+00:00,1.0980403892,1.0980857454,1.0979120425,1.0979573986,0.0000000000
2023-01-27 15:00:00+00:00,1.0979573986,1.0982277240,1.0978562667,1.0981265920,0.0000000000
2023-01-27 16:00:00+00:00,1.0981265920,1.0981998498,1.0980870307,1.0981602885,0.0000000000
2023-01-27 17:00:00+00:00,1.0981602885,1.0982658905,1.0980607275,1.0981663296,0.0000000000
2023-01-27 18:00:00+00:00,1.0981663296,1.0982513521,1.0980586987,1.0981437212,0.0000000000
2023-01-27 19:00:00+00:00,1.0981437212,1.0982507182,1.0980877056,1.0981947026,0.0000000000
2023-01-27 20:00:00+00:00,1.0981947026,1.0983681256,1.0981360108,1.0983094338,0.0000000000
2023-01-27 21:00:00+00:00,1.0983094338,1.0984359620,1.0982005690,1.0983270972,0.0000000000
2023-01-29 22:00:00+00:00,1.0983270972,1.0984159451,1.0982241660,1.0983130139,0.0000000000
2023-01-29 23:00:00+00:00,1.0983130139,1.0984623948,1.0982553242,1.0984047051,0.0000000000
2023-01-30 00:00:00+00:00,1.0984047051,1.0986013403,1.0983012891,1.0984979243,0.0000000000
2023-01-30 01:00:00+00:00,1.0984979243,1.0987915076,1.0984132945,1.0987068778,0.0000000000
2023-01-30 02:00:00+00:00,1.0987068778,1.0989052597,1.0985971871,1.0987955690,0.0000000000
2023-01-30 03:00:00+00:00,1.0987955690,1.0988725056,1.0986924260,1.0987693626,0.0000000000
2023-01-30 04:00:00+00:00,1.0987693626,1.0988500062,1.0986072137,1.0986878573,0.0000000000
2023-01-30 05:00:00+00:00,1.0986878573,1.0987933236,1.0985435655,1.0986490318,0.0000000000
2023-01-30 06:00:00+00:00,1.0986490318,1.0987271342,1.0985505887,1.0986286911,0.0000000000
2023-01-30 07:00:00+00:00,1.0986286911,1.0987004036,1.0983684918,1.0984402043,0.0000000000
2023-01-30 08:00:00+00:00,1.0984402043,1.0987424830,1.0983794080,1.0986816867,0.0000000000
2023-01-30 09:00:00+00:00,1.0986816867,1.0987985974,1.0984847842,1.0986016949,0.0000000000
2023-01-30 10:00:00+00:00,1.0986016949,1.0986519483,1.0985394158,1.0985896692,0.0000000000
2023-01-30 11:00:00+00:00,1.0985896692,1.0986609694,1.0985178023,1.0985891025,0.0000000000
2023-01-30 12:00:00+00:00,1.0985891025,1.0986812712,1.0984882667,1.0985804354,0.0000000000
2023-01-30 13:00:00+00:00,1.0985804354,1.0989103730,1.0984455428,1.0987754805,0.0000000000
2023-01-30 14:00:00+00:00,1.0987754805,1.0988628635,1.0985395680,1.0986269511,0.0000000000
2023-01-30 15:00:00+00:00,1.0986269511,1.0986959749,1.0985411983,1.0986102221,0.0000000000
2023-01-30 16:00:00+00:00,1.0986102221,1.0989369191,1.0985272695,1.0988539665,0.0000000000
2023-01-30 17:00:00+00:00,1.0988539665,1.0991152780,1.0988373452,1.0990986567,0.0000000000
2023-01-30 18:00:00+00:00,1.0990986567,1.0991921916,1.0988611591,1.0989546939,0.0000000000
2023-01-30 19:00:00+00:00,1.0989546939,1.0990591998,1.0988732745,1.0989777804,0.0000000000
2023-01-30 20:00:00+00:00,1.0989777804,1.0992525657,1.0989156187,1.0991904040,0.0000000000
2023-01-30 21:00:00+00:00,1.0991904040,1.0994543975,1.0990466669,1.0993106604,0.0000000000
2023-01-30 22:00:00+00:00,1.0993106604,1.0995335469,1.0992082404,1.0994311268,0.0000000000
2023-01-30 23:00:00+00:00,1.0994311268,1.0996430372,1.0993324068,1.0995443172,0.0000000000
2023-01-31 00:00:00+00:00,1.0995443172,1.0996699457,1.0993828793,1.0995085078,0.0000000000
2023-01-31 01:00:00+00:00,1.0995085078,1.0998883664,1.0993841854,1.0997640440,0.0000000000
2023-01-31 02:00:00+00:00,1.0997640440,1.0999221670,1.0997179221,1.0998760452,0.0000000000
2023-01-31 03:00:00+00:00,1.0998760452,1.1000128282,1.0997887166,1.0999254996,0.0000000000
2023-01-31 04:00:00+00:00,1.0999254996,1.1000397367,1.0998468541,1.0999610912,0.0000000000
2023-01-31 05:00:00+00:00,1.0999610912,1.1000558584,1.0997354544,1.0998302216,0.0000000000
2023-01-31 06:00:00+00:00,1.0998302216,1.0999571992,1.0997626356,1.0998896132,0.0000000000
2023-01-31 07:00:00+00:00,1.0998896132,1.1001042747,1.0998104239,1.1000250854,0.0000000000
2023-01-31 08:00:00+00:00,1.1000250854,1.1000603270,1.1000109643,1.1000462059,0.0000000000
2023-01-31 09:00:00+00:00,1.1000462059,1.1001140006,1.0999889805,1.1000567753,0.0000000000
2023-01-31 10:00:00+00:00,1.1000567753,1.1001322315,1.0997815787,1.0998570349,0.0000000000
2023-01-31 11:00:00+00:00,1.0998570349,1.0999586975,1.0996702643,1.0997719269,0.0000000000
2023-01-31 12:00:00+00:00,1.0997719269,1.1000769028,1.0997380094,1.1000429852,0.0000000000
2023-01-31 13:00:00+00:00,1.1000429852,1.1001248808,1.0996168142,1.0996987098,0.0000000000
2023-01-31 14:00:00+00:00,1.0996987098,1.0997721598,1.0995112493,1.0995846993,0.0000000000
2023-01-31 15:00:00+00:00,1.0995846993,1.0996721854,1.0993049353,1.0993924214,0.0000000000
2023-01-31 16:00:00+00:00,1.0993924214,1.0995144052,1.0992569821,1.0993789660,0.0000000000
2023-01-31 17:00:00+00:00,1.0993789660,1.0994980276,1.0992997611,1.0994188227,0.0000000000
2023-01-31 18:00:00+00:00,1.0994188227,1.0994633834,1.0992944801,1.0993390408,0.0000000000
2023-01-31 19:00:00+00:00,1.0993390408,1.0993958511,1.0990484046,1.0991052150,0.0000000000
2023-01-31 20:00:00+00:00,1.0991052150,1.0992373773,1.0990156342,1.0991477965,0.0000000000
2023-01-31 21:00:00+00:00,1.0991477965,1.0993406105,1.0990556548,1.0992484688,0.0000000000
2023-01-31 22:00:00+00:00,1.0992484688,1.0992940176,1.0990811058,1.0991266547,0.0000000000
2023-01-31 23:00:00+00:00,1.0991266547,1.0992090642,1.0989142262,1.0989966357,0.0000000000
2023-02-01 00:00:00+00:00,1.0989966357,1.0990635215,1.0989744227,1.0990413085,0.0000000000
2023-02-01 01:00:00+00:00,1.0990413085,1.0991346965,1.0989473629,1.0990407509,0.0000000000
2023-02-01 02:00:00+00:00,1.0990407509,1.0992637273,1.0989738389,1.0991968153,0.0000000000
2023-02-01 03:00:00+00:00,1.0991968153,1.0993166221,1.0989939561,1.0991137629,0.0000000000
2023-02-01 04:00:00+00:00,1.0991137629,1.0992111087,1.0989764303,1.0990737761,0.0000000000
2023-02-01 05:00:00+00:00,1.0990737761,1.0991219756,1.0989827594,1.0990309589,0.0000000000
2023-02-01 06:00:00+00:00,1.0990309589,1.0992099241,1.0987610114,1.0989399766,0.0000000000
2023-02-01 07:00:00+00:00,1.0989399766,1.0990063528,1.0987556240,1.0988220002,0.0000000000
2023-02-01 08:00:00+00:00,1.0988220002,1.0990248214,1.0987114224,1.0989142436,0.0000000000
2023-02-01 09:00:00+00:00,1.0989142436,1.0991171950,1.0988052269,1.0990081783,0.0000000000
2023-02-01 10:00:00+00:00,1.0990081783,1.0991902403,1.0989430746,1.0991251367,0.0000000000
2023-02-01 11:00:00+00:00,1.0991251367,1.0992119898,1.0989311490,1.0990180021,0.0000000000
2023-02-01 12:00:00+00:00,1.0990180021,1.0991926457,1.0989448181,1.0991194616,0.0000000000
2023-02-01 13:00:00+00:00,1.0991194616,1.0991886324,1.0990361017,1.0991052725,0.0000000000
2023-02-01 14:00:00+00:00,1.0991052725,1.0991795307,1.0990228983,1.0990971565,0.0000000000
2023-02-01 15:00:00+00:00,1.0990971565,1.0992734786,1.0989937487,1.0991700708,0.0000000000
2023-02-01 16:00:00+00:00,1.0991700708,1.0992265596,1.0988598670,1.0989163558,0.0000000000
2023-02-01 17:00:00+00:00,1.0989163558,1.0991469423,1.0988706958,1.0991012823,0.0000000000
2023-02-01 18:00:00+00:00,1.0991012823,1.0991627578,1.0990599351,1.0991214106,0.0000000000
2023-02-01 19:00:00+00:00,1.0991214106,1.0994139103,1.0989576606,1.0992501603,0.0000000000
2023-02-01 20:00:00+00:00,1.0992501603,1.0993583225,1.0991613294,1.0992694916,0.0000000000
2023-02-01 21:00:00+00:00,1.0992694916,1.0993549177,1.0990314694,1.0991168955,0.0000000000
2023-02-01 22:00:00+00:00,1.0991168955,1.0993605386,1.0990003479,1.0992439910,0.0000000000
2023-02-01 23:00:00+00:00,1.0992439910,1.0994251229,1.0991397104,1.0993208423,0.0000000000
2023-02-02 00:00:00+00:00,1.0993208423,1.0994037432,1.0990858559,1.0991687568,0.0000000000
2023-02-02 01:00:00+00:00,1.0991687568,1.0993756151,1.0990765734,1.0992834317,0.0000000000
2023-02-02 02:00:00+00:00,1.0992834317,1.0995027005,1.0991999759,1.0994192446,0.0000000000
2023-02-02 03:00:00+00:00,1.0994192446,1.0995206183,1.0992688120,1.0993701857,0.0000000000
2023-02-02 04:00:00+00:00,1.0993701857,1.0996990985,1.0992674533,1.0995963662,0.0000000000
2023-02-02 05:00:00+00:00,1.0995963662,1.0997108089,1.0995323695,1.0996468122,0.0000000000
2023-02-02 06:00:00+00:00,1.0996468122,1.0998255632,1.0996108237,1.0997895747,0.0000000000
2023-02-02 07:00:00+00:00,1.0997895747,1.0999404275,1.0996935357,1.0998443885,0.0000000000
2023-02-02 08:00:00+00:00,1.0998443885,1.0999043681,1.0996259391,1.0996859187,0.0000000000
2023-02-02 09:00:00+00:00,1.0996859187,1.0997790224,1.0996014620,1.0996945657,0.0000000000
2023-02-02 10:00:00+00:00,1.0996945657,1.0998019018,1.0996238513,1.0997311874,0.0000000000
2023-02-02 11:00:00+00:00,1.0997311874,1.0997710370,1.0995283077,1.0995681573,0.0000000000
2023-02-02 12:00:00+00:00,1.0995681573,1.0996593396,1.0993757868,1.0994669691,0.0000000000
2023-02-02 13:00:00+00:00,1.0994669691,1.0996609805,1.0993923815,1.0995863930,0.0000000000
2023-02-02 14:00:00+00:00,1.0995863930,1.0996523981,1.0995554630,1.0996214681,0.0000000000
2023-02-02 15:00:00+00:00,1.0996214681,1.0996582819,1.0994419297,1.0994787435,0.0000000000
2023-02-02 16:00:00+00:00,1.0994787435,1.0995511948,1.0993188213,1.0993912726,0.0000000000
2023-02-02 17:00:00+00:00,1.0993912726,1.0994349279,1.0992959964,1.0993396517,0.0000000000
2023-02-02 18:00:00+00:00,1.0993396517,1.0993860387,1.0992778901,1.0993242771,0.0000000000
2023-02-02 19:00:00+00:00,1.0993242771,1.0994127038,1.0992248569,1.0993132836,0.0000000000
2023-02-02 20:00:00+00:00,1.0993132836,1.0993971365,1.0991552552,1.0992391081,0.0000000000
2023-02-02 21:00:00+00:00,1.0992391081,1.0993595386,1.0991522438,1.0992726743,0.0000000000
2023-02-02 22:00:00+00:00,1.0992726743,1.0993578903,1.0990580314,1.0991432474,0.0000000000
2023-02-02 23:00:00+00:00,1.0991432474,1.0993225173,1.0990968317,1.0992761015,0.0000000000
2023-02-03 00:00:00+00:00,1.0992761015,1.0993678077,1.0991396084,1.0992313146,0.0000000000
2023-02-03 01:00:00+00:00,1.0992313146,1.0993332806,1.0989799637,1.0990819297,0.0000000000
2023-02-03 02:00:00+00:00,1.0990819297,1.0991497053,1.0990456490,1.0991134247,0.0000000000
2023-02-03 03:00:00+00:00,1.0991134247,1.0991780015,1.0989517187,1.0990162955,0.0000000000
2023-02-03 04:00:00+00:00,1.0990162955,1.0992098235,1.0989487606,1.0991422886,0.0000000000
2023-02-03 05:00:00+00:00,1.0991422886,1.0992855041,1.0987993332,1.0989425486,0.0000000000
2023-02-03 06:00:00+00:00,1.0989425486,1.0989802395,1.0988405344,1.0988782253,0.0000000000
2023-02-03 07:00:00+00:00,1.0988782253,1.0989223650,1.0987734349,1.0988175746,0.0000000000
2023-02-03 08:00:00+00:00,1.0988175746,1.0990155937,1.0987286620,1.0989266812,0.0000000000
2023-02-03 09:00:00+00:00,1.0989266812,1.0991713854,1.0988127792,1.0990574835,0.0000000000
2023-02-03 10:00:00+00:00,1.0990574835,1.0991456964,1.0989755396,1.0990637525,0.0000000000
2023-02-03 11:00:00+00:00,1.0990637525,1.0992207879,1.0987834048,1.0989404401,0.0000000000
2023-02-03 12:00:00+00:00,1.0989404401,1.0990549390,1.0987603451,1.0988748440,0.0000000000
2023-02-03 13:00:00+00:00,1.0988748440,1.0989943956,1.0988216346,1.0989411862,0.0000000000
2023-02-03 14:00:00+00:00,1.0989411862,1.0992441813,1.0988829528,1.0991859479,0.0000000000
2023-02-03 15:00:00+00:00,1.0991859479,1.0992673865,1.0990811485,1.0991625870,0.0000000000
2023-02-03 16:00:00+00:00,1.0991625870,1.0992542639,1.0989848694,1.0990765463,0.0000000000
2023-02-03 17:00:00+00:00,1.0990765463,1.0992110225,1.0990095291,1.0991440053,0.0000000000
2023-02-03 18:00:00+00:00,1.0991440053,1.0994712475,1.0990818645,1.0994091066,0.0000000000
2023-02-03 19:00:00+00:00,1.0994091066,1.0995023379,1.0991898930,1.0992831243,0.0000000000
2023-02-03 20:00:00+00:00,1.0992831243,1.0994430269,1.0992185323,1.0993784349,0.0000000000
2023-02-03 21:00:00+00:00,1.0993784349,1.0994637413,1.0992048162,1.0992901226,0.0000000000
2023-02-05 22:00:00+00:00,1.0992901226,1.0994219582,1.0992039455,1.0993357811,0.0000000000
2023-02-05 23:00:00+00:00,1.0993357811,1.0994223971,1.0990959095,1.0991825256,0.0000000000
2023-02-06 00:00:00+00:00,1.0991825256,1.0993310938,1.0990954854,1.0992440536,0.0000000000
2023-02-06 01:00:00+00:00,1.0992440536,1.0995703839,1.0991553767,1.0994817069,0.0000000000
2023-02-06 02:00:00+00:00,1.0994817069,1.0997308730,1.0994127213,1.0996618875,0.0000000000
2023-02-06 03:00:00+00:00,1.0996618875,1.0999077883,1.0995927210,1.0998386219,0.0000000000
2023-02-06 04:00:00+00:00,1.0998386219,1.0999550390,1.0997859466,1.0999023638,0.0000000000
2023-02-06 05:00:00+00:00,1.0999023638,1.1001500568,1.0998021067,1.1000497998,0.0000000000
2023-02-06 06:00:00+00:00,1.1000497998,1.1001484855,1.0997986590,1.0998973447,0.0000000000
2023-02-06 07:00:00+00:00,1.0998973447,1.0999943348,1.0997499841,1.0998469742,0.0000000000
2023-02-06 08:00:00+00:00,1.0998469742,1.0999126271,1.0996789757,1.0997446285,0.0000000000
2023-02-06 09:00:00+00:00,1.0997446285,1.0998280658,1.0994979941,1.0995814314,0.0000000000
2023-02-06 10:00:00+00:00,1.0995814314,1.0996676099,1.0994380641,1.0995242426,0.0000000000
2023-02-06 11:00:00+00:00,1.0995242426,1.0996967300,1.0994271975,1.0995996849,0.0000000000
2023-02-06 12:00:00+00:00,1.0995996849,1.0996211090,1.0994636201,1.0994850442,0.0000000000
2023-02-06 13:00:00+00:00,1.0994850442,1.0995687597,1.0994214452,1.0995051607,0.0000000000
2023-02-06 14:00:00+00:00,1.0995051607,1.0996925374,1.0994371001,1.0996244767,0.0000000000
2023-02-06 15:00:00+00:00,1.0996244767,1.0996727591,1.0995779302,1.0996262126,0.0000000000
2023-02-06 16:00:00+00:00,1.0996262126,1.0997334037,1.0995737698,1.0996809610,0.0000000000
2023-02-06 17:00:00+00:00,1.0996809610,1.0997559315,1.0996406566,1.0997156271,0.0000000000
2023-02-06 18:00:00+00:00,1.0997156271,1.0999145517,1.0996763989,1.0998753235,0.0000000000
2023-02-06 19:00:00+00:00,1.0998753235,1.0999335105,1.0997969367,1.0998551237,0.0000000000
2023-02-06 20:00:00+00:00,1.0998551237,1.0999226673,1.0997216147,1.0997891584,0.0000000000
2023-02-06 21:00:00+00:00,1.0997891584,1.0999907228,1.0996910787,1.0998926432,0.0000000000
2023-02-06 22:00:00+00:00,1.0998926432,1.0999286312,1.0998291140,1.0998651020,0.0000000000
2023-02-06 23:00:00+00:00,1.0998651020,1.0999406365,1.0996895282,1.0997650626,0.0000000000
2023-02-07 00:00:00+00:00,1.0997650626,1.1000792553,1.0996594696,1.0999736623,0.0000000000
2023-02-07 01:00:00+00:00,1.0999736623,1.1002413170,1.0998968115,1.1001644663,0.0000000000
2023-02-07 02:00:00+00:00,1.1001644663,1.1002483398,1.0999273868,1.1000112603,0.0000000000
2023-02-07 03:00:00+00:00,1.1000112603,1.1002195477,1.0999255936,1.1001338810,0.0000000000
2023-02-07 04:00:00+00:00,1.1001338810,1.1002207697,1.0999771036,1.1000639923,0.0000000000
2023-02-07 05:00:00+00:00,1.1000639923,1.1001534781,1.0998727684,1.0999622541,0.0000000000
2023-02-07 06:00:00+00:00,1.0999622541,1.1001504580,1.0998752200,1.1000634239,0.0000000000
2023-02-07 07:00:00+00:00,1.1000634239,1.1001394509,1.1000160016,1.1000920285,0.0000000000
2023-02-07 08:00:00+00:00,1.1000920285,1.1002877637,1.0999535501,1.1001492853,0.0000000000
2023-02-07 09:00:00+00:00,1.1001492853,1.1002472218,1.0997831555,1.0998810920,0.0000000000
2023-02-07 10:00:00+00:00,1.0998810920,1.0999648171,1.0997317116,1.0998154366,0.0000000000
2023-02-07 11:00:00+00:00,1.0998154366,1.0999447270,1.0997625727,1.0998918630,0.0000000000
2023-02-07 12:00:00+00:00,1.0998918630,1.1001801770,1.0998503020,1.1001386160,0.0000000000
2023-02-07 13:00:00+00:00,1.1001386160,1.1002019963,1.0998634892,1.0999268695,0.0000000000
2023-02-07 14:00:00+00:00,1.0999268695,1.0999857769,1.0998557728,1.0999146802,0.0000000000
2023-02-07 15:00:00+00:00,1.0999146802,1.0999854479,1.0997921691,1.0998629368,0.0000000000
2023-02-07 16:00:00+00:00,1.0998629368,1.0999679362,1.0997871422,1.0998921416,0.0000000000
2023-02-07 17:00:00+00:00,1.0998921416,1.0999417044,1.0998327722,1.0998823350,0.0000000000
2023-02-07 18:00:00+00:00,1.0998823350,1.1001874505,1.0998016415,1.1001067570,0.0000000000
2023-02-07 19:00:00+00:00,1.1001067570,1.1003125609,1.1000274476,1.1002332514,0.0000000000
2023-02-07 20:00:00+00:00,1.1002332514,1.1003505133,1.1000085176,1.1001257794,0.0000000000
2023-02-07 21:00:00+00:00,1.1001257794,1.1001759237,1.1000557550,1.1001058993,0.0000000000
2023-02-07 22:00:00+00:00,1.1001058993,1.1002094112,1.1000249609,1.1001284728,0.0000000000
2023-02-07 23:00:00+00:00,1.1001284728,1.1001587977,1.1000089712,1.1000392961,0.0000000000
2023-02-08 00:00:00+00:00,1.1000392961,1.1003037139,1.0999465680,1.1002109858,0.0000000000
2023-02-08 01:00:00+00:00,1.1002109858,1.1002866227,1.1000130861,1.1000887230,0.0000000000
2023-02-08 02:00:00+00:00,1.1000887230,1.1003453128,1.0999842450,1.1002408348,0.0000000000
2023-02-08 03:00:00+00:00,1.1002408348,1.1003461837,1.1001413103,1.1002466591,0.0000000000
2023-02-08 04:00:00+00:00,1.1002466591,1.1002844509,1.1000277900,1.1000655817,0.0000000000
2023-02-08 05:00:00+00:00,1.1000655817,1.1001406143,1.0999607425,1.1000357750,0.0000000000
2023-02-08 06:00:00+00:00,1.1000357750,1.1002468902,1.0999123716,1.1001234867,0.0000000000
2023-02-08 07:00:00+00:00,1.1001234867,1.1002508875,1.0999468286,1.1000742294,0.0000000000
2023-02-08 08:00:00+00:00,1.1000742294,1.1001368250,1.0996631649,1.0997257605,0.0000000000
2023-02-08 09:00:00+00:00,1.0997257605,1.0997911317,1.0996183162,1.0996836874,0.0000000000
2023-02-08 10:00:00+00:00,1.0996836874,1.0998299033,1.0995953724,1.0997415883,0.0000000000
2023-02-08 11:00:00+00:00,1.0997415883,1.0998190463,1.0994977131,1.0995751711,0.0000000000
2023-02-08 12:00:00+00:00,1.0995751711,1.0996126939,1.0994755797,1.0995131025,0.0000000000
2023-02-08 13:00:00+00:00,1.0995131025,1.0996627328,1.0994028072,1.0995524375,0.0000000000
2023-02-08 14:00:00+00:00,1.0995524375,1.0996677757,1.0994725608,1.0995878990,0.0000000000
2023-02-08 15:00:00+00:00,1.0995878990,1.0996852821,1.0994669280,1.0995643111,0.0000000000
2023-02-08 16:00:00+00:00,1.0995643111,1.0997020732,1.0992812884,1.0994190505,0.0000000000
2023-02-08 17:00:00+00:00,1.0994190505,1.0996146992,1.0993094331,1.0995050818,0.0000000000
2023-02-08 18:00:00+00:00,1.0995050818,1.0995932872,1.0993805413,1.0994687467,0.0000000000
2023-02-08 19:00:00+00:00,1.0994687467,1.0995508815,1.0993767296,1.0994588644,0.0000000000
2023-02-08 20:00:00+00:00,1.0994588644,1.0996553417,1.0993647004,1.0995611778,0.0000000000
2023-02-08 21:00:00+00:00,1.0995611778,1.0996228197,1.0994072761,1.0994689180,0.0000000000
2023-02-08 22:00:00+00:00,1.0994689180,1.0995982216,1.0992784544,1.0994077580,0.0000000000
2023-02-08 23:00:00+00:00,1.0994077580,1.0995721250,1.0993476953,1.0995120623,0.0000000000
2023-02-09 00:00:00+00:00,1.0995120623,1.0995523033,1.0993502755,1.0993905165,0.0000000000
2023-02-09 01:00:00+00:00,1.0993905165,1.0994964041,1.0992977285,1.0994036161,0.0000000000
2023-02-09 02:00:00+00:00,1.0994036161,1.0994405656,1.0993654492,1.0994023988,0.0000000000
2023-02-09 03:00:00+00:00,1.0994023988,1.0994922589,1.0993303384,1.0994201985,0.0000000000
2023-02-09 04:00:00+00:00,1.0994201985,1.0995211927,1.0992862188,1.0993872131,0.0000000000
2023-02-09 05:00:00+00:00,1.0993872131,1.0996067257,1.0993336036,1.0995531162,0.0000000000
2023-02-09 06:00:00+00:00,1.0995531162,1.0996981646,1.0994383650,1.0995834134,0.0000000000
2023-02-09 07:00:00+00:00,1.0995834134,1.0997855096,1.0994671994,1.0996692956,0.0000000000
2023-02-09 08:00:00+00:00,1.0996692956,1.0998559499,1.0995933858,1.0997800400,0.0000000000
2023-02-09 09:00:00+00:00,1.0997800400,1.1000149411,1.0997533846,1.0999882857,0.0000000000
2023-02-09 10:00:00+00:00,1.0999882857,1.1000669383,1.0998880226,1.0999666752,0.0000000000
2023-02-09 11:00:00+00:00,1.0999666752,1.1000798161,1.0998814094,1.0999945503,0.0000000000
2023-02-09 12:00:00+00:00,1.0999945503,1.1000695367,1.0998899256,1.0999649120,0.0000000000
2023-02-09 13:00:00+00:00,1.0999649120,1.1001979435,1.0998818429,1.1001148744,0.0000000000
2023-02-09 14:00:00+00:00,1.1001148744,1.1001803861,1.0998657664,1.0999312780,0.0000000000
2023-02-09 15:00:00+00:00,1.0999312780,1.0999462393,1.0998049520,1.0998199133,0.0000000000
2023-02-09 16:00:00+00:00,1.0998199133,1.0999078447,1.0996871110,1.0997750424,0.0000000000
2023-02-09 17:00:00+00:00,1.0997750424,1.0998672558,1.0995106232,1.0996028366,0.0000000000
2023-02-09 18:00:00+00:00,1.0996028366,1.0996576927,1.0994612091,1.0995160652,0.0000000000
2023-02-09 19:00:00+00:00,1.0995160652,1.0996109507,1.0993408149,1.0994357005,0.0000000000
2023-02-09 20:00:00+00:00,1.0994357005,1.0995066546,1.0992226848,1.0992936390,0.0000000000
2023-02-09 21:00:00+00:00,1.0992936390,1.0993932571,1.0992237105,1.0993233286,0.0000000000
2023-02-09 22:00:00+00:00,1.0993233286,1.0994523941,1.0992382524,1.0993673178,0.0000000000
2023-02-09 23:00:00+00:00,1.0993673178,1.0994811882,1.0991711410,1.0992850113,0.0000000000
2023-02-10 00:00:00+00:00,1.0992850113,1.0994668526,1.0991847971,1.0993666384,0.0000000000
2023-02-10 01:00:00+00:00,1.0993666384,1.0995069914,1.0992952322,1.0994355853,0.0000000000
2023-02-10 02:00:00+00:00,1.0994355853,1.0995283361,1.0993378122,1.0994305630,0.0000000000
2023-02-10 03:00:00+00:00,1.0994305630,1.0994485894,1.0994125367,1.0994341683,0.0000000000
2023-02-10 04:00:00+00:00,1.0994341683,1.0996540551,1.0988897735,1.0989996625,0.0000000000
2023-02-10 05:00:00+00:00,1.0989996625,1.0991060142,1.0988731794,1.0989795310,0.0000000000
2023-02-10 06:00:00+00:00,1.0989795310,1.0991484721,1.0988818766,1.0990508177,0.0000000000
2023-02-10 07:00:00+00:00,1.0990508177,1.0991365760,1.0987978176,1.0988835758,0.0000000000
2023-02-10 08:00:00+00:00,1.0988835758,1.0989458260,1.0987616284,1.0988238786,0.0000000000
2023-02-10 09:00:00+00:00,1.0988238786,1.0989056694,1.0987596234,1.0988414142,0.0000000000
2023-02-10 10:00:00+00:00,1.0988414142,1.0990194004,1.0987444175,1.0989224037,0.0000000000
2023-02-10 11:00:00+00:00,1.0989224037,1.0990565512,1.0988064411,1.0989405886,0.0000000000
2023-02-10 12:00:00+00:00,1.0989405886,1.0990252184,1.0986605603,1.0987451901,0.0000000000
2023-02-10 13:00:00+00:00,1.0987451901,1.0989112616,1.0986645296,1.0988306011,0.0000000000
2023-02-10 14:00:00+00:00,1.0988306011,1.0988588647,1.0987878640,1.0988161275,0.0000000000
2023-02-10 15:00:00+00:00,1.0988161275,1.0989798948,1.0987259245,1.0988896917,0.0000000000
2023-02-10 16:00:00+00:00,1.0988896917,1.0990501167,1.0988308964,1.0989913214,0.0000000000
2023-02-10 17:00:00+00:00,1.0989913214,1.0990526296,1.0986490684,1.0987103765,0.0000000000
2023-02-10 18:00:00+00:00,1.0987103765,1.0987753770,1.0985378941,1.0986028945,0.0000000000
2023-02-10 19:00:00+00:00,1.0986028945,1.0988169326,1.0985540599,1.0987680980,0.0000000000
2023-02-10 20:00:00+00:00,1.0987680980,1.0988658630,1.0987399916,1.0988377567,0.0000000000
2023-02-10 21:00:00+00:00,1.0988377567,1.0989613853,1.0984895271,1.0986131557,0.0000000000
2023-02-12 22:00:00+00:00,1.0986131557,1.0987048480,1.0985388488,1.0986305412,0.0000000000
2023-02-12 23:00:00+00:00,1.0986305412,1.0987196218,1.0985040797,1.0985931604,0.0000000000
2023-02-13 00:00:00+00:00,1.0985931604,1.0986861453,1.0984826188,1.0985756038,0.0000000000
2023-02-13 01:00:00+00:00,1.0985756038,1.0986074827,1.0984376977,1.0984695766,0.0000000000
2023-02-13 02:00:00+00:00,1.0984695766,1.0985442468,1.0982551632,1.0983298335,0.0000000000
2023-02-13 03:00:00+00:00,1.0983298335,1.0984496023,1.0983167674,1.0984365362,0.0000000000
2023-02-13 04:00:00+00:00,1.0984365362,1.0985214834,1.0982632406,1.0983481877,0.0000000000
2023-02-13 05:00:00+00:00,1.0983481877,1.0985459535,1.0982669894,1.0984647552,0.0000000000
2023-02-13 06:00:00+00:00,1.0984647552,1.0985543128,1.0983865011,1.0984760587,0.0000000000
2023-02-13 07:00:00+00:00,1.0984760587,1.0985549812,1.0982539578,1.0983328803,0.0000000000
2023-02-13 08:00:00+00:00,1.0983328803,1.0986778475,1.0982972181,1.0986421853,0.0000000000
2023-02-13 09:00:00+00:00,1.0986421853,1.0987363075,1.0984672385,1.0985613606,0.0000000000
2023-02-13 10:00:00+00:00,1.0985613606,1.0987893924,1.0984972591,1.0987252909,0.0000000000
2023-02-13 11:00:00+00:00,1.0987252909,1.0987445064,1.0987060754,1.0987291340,0.0000000000
2023-02-13 12:00:00+00:00,1.0987291340,1.0996860659,1.0985093881,1.0995760973,0.0000000000
2023-02-13 13:00:00+00:00,1.0995760973,1.0996933840,1.0995236691,1.0996409558,0.0000000000
2023-02-13 14:00:00+00:00,1.0996409558,1.0997086700,1.0995659238,1.0996336379,0.0000000000
2023-02-13 15:00:00+00:00,1.0996336379,1.0997035675,1.0995279405,1.0995978701,0.0000000000
2023-02-13 16:00:00+00:00,1.0995978701,1.0997509830,1.0994964738,1.0996495867,0.0000000000
2023-02-13 17:00:00+00:00,1.0996495867,1.0999797975,1.0995681904,1.0998984011,0.0000000000
2023-02-13 18:00:00+00:00,1.0998984011,1.1001008703,1.0997889211,1.0999913903,0.0000000000
2023-02-13 19:00:00+00:00,1.0999913903,1.1000791905,1.0996600429,1.0997478431,0.0000000000
2023-02-13 20:00:00+00:00,1.0997478431,1.0998094984,1.0994167513,1.0994784066,0.0000000000
2023-02-13 21:00:00+00:00,1.0994784066,1.0995488135,1.0991355122,1.0992059191,0.0000000000
2023-02-13 22:00:00+00:00,1.0992059191,1.0992743081,1.0990412652,1.0991096542,0.0000000000
2023-02-13 23:00:00+00:00,1.0991096542,1.0992829307,1.0990415759,1.0992148524,0.0000000000
2023-02-14 00:00:00+00:00,1.0992148524,1.0993691324,1.0990787417,1.0992330217,0.0000000000
2023-02-14 01:00:00+00:00,1.0992330217,1.0992698127,1.0991727367,1.0992095277,0.0000000000
2023-02-14 02:00:00+00:00,1.0992095277,1.0992518980,1.0991213749,1.0991637453,0.0000000000
2023-02-14 03:00:00+00:00,1.0991637453,1.0997860239,1.0990366223,1.0996589009,0.0000000000
2023-02-14 04:00:00+00:00,1.0996589009,1.0997394195,1.0995748156,1.0996553343,0.0000000000
2023-02-14 05:00:00+00:00,1.0996553343,1.0997409320,1.0995795092,1.0996651069,0.0000000000
2023-02-14 06:00:00+00:00,1.0996651069,1.0998521091,1.0995495210,1.0997365232,0.0000000000
2023-02-14 07:00:00+00:00,1.0997365232,1.0998076927,1.0995645877,1.0996357572,0.0000000000
2023-02-14 08:00:00+00:00,1.0996357572,1.1000189958,1.0994987516,1.0998819902,0.0000000000
2023-02-14 09:00:00+00:00,1.0998819902,1.1000687079,1.0998047368,1.0999914545,0.0000000000
2023-02-14 10:00:00+00:00,1.0999914545,1.1000917123,1.0998455143,1.0999457721,0.0000000000
2023-02-14 11:00:00+00:00,1.0999457721,1.1000269611,1.0998736556,1.0999548446,0.0000000000
2023-02-14 12:00:00+00:00,1.0999548446,1.1001578316,1.0998951117,1.1000980987,0.0000000000
2023-02-14 13:00:00+00:00,1.1000980987,1.1002553466,1.0999987709,1.1001560188,0.0000000000
2023-02-14 14:00:00+00:00,1.1001560188,1.1002310674,1.1000969730,1.1001720215,0.0000000000
2023-02-14 15:00:00+00:00,1.1001720215,1.1002584817,1.1000378833,1.1001243434,0.0000000000
2023-02-14 16:00:00+00:00,1.1001243434,1.1002754898,1.1000353944,1.1001865408,0.0000000000
2023-02-14 17:00:00+00:00,1.1001865408,1.1002982826,1.1000046517,1.1001163936,0.0000000000
2023-02-14 18:00:00+00:00,1.1001163936,1.1001485262,1.0998930107,1.0999251434,0.0000000000
2023-02-14 19:00:00+00:00,1.0999251434,1.0999452020,1.0999050847,1.0999291551,0.0000000000
2023-02-14 20:00:00+00:00,1.0999291551,1.1005269039,1.0997091693,1.1004168512,0.0000000000
2023-02-14 21:00:00+00:00,1.1004168512,1.1005221470,1.1001905248,1.1002958206,0.0000000000
2023-02-14 22:00:00+00:00,1.1002958206,1.1003663115,1.1001554921,1.1002259830,0.0000000000
2023-02-14 23:00:00+00:00,1.1002259830,1.1004442371,1.1001637535,1.1003820076,0.0000000000
2023-02-15 00:00:00+00:00,1.1003820076,1.1004371200,1.1002571843,1.1003122966,0.0000000000
2023-02-15 01:00:00+00:00,1.1003122966,1.1004019062,1.1001620022,1.1002516117,0.0000000000
2023-02-15 02:00:00+00:00,1.1002516117,1.1003003653,1.1001608499,1.1002096035,0.0000000000
2023-02-15 03:00:00+00:00,1.1002096035,1.1003249846,1.1001581717,1.1002735527,0.0000000000
2023-02-15 04:00:00+00:00,1.1002735527,1.1004222882,1.1001591212,1.1003078567,0.0000000000
2023-02-15 05:00:00+00:00,1.1003078567,1.1003665843,1.1002521431,1.1003108707,0.0000000000
2023-02-15 06:00:00+00:00,1.1003108707,1.1004275777,1.1002344450,1.1003511520,0.0000000000
2023-02-15 07:00:00+00:00,1.1003511520,1.1005132338,1.1002859797,1.1004480616,0.0000000000
2023-02-15 08:00:00+00:00,1.1004480616,1.1007441477,1.1003254148,1.1006215009,0.0000000000
2023-02-15 09:00:00+00:00,1.1006215009,1.1007647153,1.1005453665,1.1006885808,0.0000000000
2023-02-15 10:00:00+00:00,1.1006885808,1.1012457868,1.1005795612,1.1011367671,0.0000000000
2023-02-15 11:00:00+00:00,1.1011367671,1.1012820364,1.1010195118,1.1011647810,0.0000000000
2023-02-15 12:00:00+00:00,1.1011647810,1.1013971354,1.1010801032,1.1013124576,0.0000000000
2023-02-15 13:00:00+00:00,1.1013124576,1.1013181119,1.1011384094,1.1011440637,0.0000000000
2023-02-15 14:00:00+00:00,1.1011440637,1.1012984130,1.1011000143,1.1012543635,0.0000000000
2023-02-15 15:00:00+00:00,1.1012543635,1.1013407085,1.1011922548,1.1012785998,0.0000000000
2023-02-15 16:00:00+00:00,1.1012785998,1.1015396332,1.1012190362,1.1014800695,0.0000000000
2023-02-15 17:00:00+00:00,1.1014800695,1.1015609567,1.1013235536,1.1014044408,0.0000000000
2023-02-15 18:00:00+00:00,1.1014044408,1.1016760218,1.1013638162,1.1016353972,0.0000000000
2023-02-15 19:00:00+00:00,1.1016353972,1.1017610795,1.1015763805,1.1017020629,0.0000000000
2023-02-15 20:00:00+00:00,1.1017020629,1.1018090111,1.1015555577,1.1016625059,0.0000000000
2023-02-15 21:00:00+00:00,1.1016625059,1.1017919110,1.1014552290,1.1015846342,0.0000000000
2023-02-15 22:00:00+00:00,1.1015846342,1.1016335051,1.1014934575,1.1015423284,0.0000000000
2023-02-15 23:00:00+00:00,1.1015423284,1.1016443645,1.1014260890,1.1015281252,0.0000000000
2023-02-16 00:00:00+00:00,1.1015281252,1.1015874330,1.1012934099,1.1013527177,0.0000000000
2023-02-16 01:00:00+00:00,1.1013527177,1.1014152275,1.1009547707,1.1010172805,0.0000000000
2023-02-16 02:00:00+00:00,1.1010172805,1.1011033211,1.1008014857,1.1008875262,0.0000000000
2023-02-16 03:00:00+00:00,1.1008875262,1.1009081109,1.1008669416,1.1008916432,0.0000000000
2023-02-16 04:00:00+00:00,1.1008916432,1.1011118215,1.0998582952,1.0999682810,0.0000000000
2023-02-16 05:00:00+00:00,1.0999682810,1.1000645274,1.0997025777,1.0997988241,0.0000000000
2023-02-16 06:00:00+00:00,1.0997988241,1.0998466761,1.0996844044,1.0997322564,0.0000000000
2023-02-16 07:00:00+00:00,1.0997322564,1.1000347598,1.0995606159,1.0998631194,0.0000000000
2023-02-16 08:00:00+00:00,1.0998631194,1.0999653575,1.0996799313,1.0997821695,0.0000000000
2023-02-16 09:00:00+00:00,1.0997821695,1.1000506550,1.0997097016,1.0999781871,0.0000000000
2023-02-16 10:00:00+00:00,1.0999781871,1.1000776139,1.0999095943,1.1000090211,0.0000000000
2023-02-16 11:00:00+00:00,1.1000090211,1.1000956949,1.0998638820,1.0999505558,0.0000000000
2023-02-16 12:00:00+00:00,1.0999505558,1.1002867948,1.0998529277,1.1001891667,0.0000000000
2023-02-16 13:00:00+00:00,1.1001891667,1.1003098118,1.1000654120,1.1001860571,0.0000000000
2023-02-16 14:00:00+00:00,1.1001860571,1.1002487145,1.1001225417,1.1001851991,0.0000000000
2023-02-16 15:00:00+00:00,1.1001851991,1.1002757708,1.1000841831,1.1001747548,0.0000000000
2023-02-16 16:00:00+00:00,1.1001747548,1.1004501024,1.1000938679,1.1003692155,0.0000000000
2023-02-16 17:00:00+00:00,1.1003692155,1.1004637343,1.1002187825,1.1003133013,0.0000000000
2023-02-16 18:00:00+00:00,1.1003133013,1.1004125030,1.1001207721,1.1002199738,0.0000000000
2023-02-16 19:00:00+00:00,1.1002199738,1.1003299840,1.1001831590,1.1002931692,0.0000000000
2023-02-16 20:00:00+00:00,1.1002931692,1.1006161658,1.1002068892,1.1005298858,0.0000000000
2023-02-16 21:00:00+00:00,1.1005298858,1.1006131057,1.1004345542,1.1005177741,0.0000000000
2023-02-16 22:00:00+00:00,1.1005177741,1.1006447060,1.1002295971,1.1003565290,0.0000000000
2023-02-16 23:00:00+00:00,1.1003565290,1.1006755037,1.1002628070,1.1005817817,0.0000000000
2023-02-17 00:00:00+00:00,1.1005817817,1.1006820666,1.1003865598,1.1004868448,0.0000000000
2023-02-17 01:00:00+00:00,1.1004868448,1.1005751305,1.1003086634,1.1003969491,0.0000000000
2023-02-17 02:00:00+00:00,1.1003969491,1.1004586190,1.1003814247,1.1004430946,0.0000000000
2023-02-17 03:00:00+00:00,1.1004430946,1.1007753947,1.1003458109,1.1006781109,0.0000000000
2023-02-17 04:00:00+00:00,1.1006781109,1.1007854576,1.1004262995,1.1005336462,0.0000000000
2023-02-17 05:00:00+00:00,1.1005336462,1.1006051174,1.1005151692,1.1005866404,0.0000000000
2023-02-17 06:00:00+00:00,1.1005866404,1.1006568468,1.1003953836,1.1004655901,0.0000000000
2023-02-17 07:00:00+00:00,1.1004655901,1.1005735457,1.1003629110,1.1004708666,0.0000000000
2023-02-17 08:00:00+00:00,1.1004708666,1.1005115533,1.1002321442,1.1002728310,0.0000000000
2023-02-17 09:00:00+00:00,1.1002728310,1.1004547701,1.1001709136,1.1003528527,0.0000000000
2023-02-17 10:00:00+00:00,1.1003528527,1.1004145291,1.1002210439,1.1002827203,0.0000000000
2023-02-17 11:00:00+00:00,1.1002827203,1.1003030738,1.1002623669,1.1002867910,0.0000000000
2023-02-17 12:00:00+00:00,1.1002867910,1.1002974430,1.1002836270,1.1002942790,0.0000000000
2023-02-17 13:00:00+00:00,1.1002942790,1.1002980439,1.1002872798,1.1002910447,0.0000000000
2023-02-17 14:00:00+00:00,1.1002910447,1.1003042829,1.1002863304,1.1002995686,0.0000000000
2023-02-17 15:00:00+00:00,1.1002995686,1.1003035074,1.1002921292,1.1002960680,0.0000000000
2023-02-17 16:00:00+00:00,1.1002960680,1.1002984394,1.1002930707,1.1002954420,0.0000000000
2023-02-17 17:00:00+00:00,1.1002954420,1.1003037624,1.1002925232,1.1003008436,0.0000000000
2023-02-17 18:00:00+00:00,1.1003008436,1.1003174517,1.1002976299,1.1003142381,0.0000000000
2023-02-17 19:00:00+00:00,1.1003142381,1.1003378111,1.1003123931,1.1003359662,0.0000000000
2023-02-17 20:00:00+00:00,1.1003359662,1.1003385875,1.1003319375,1.1003345588,0.0000000000
2023-02-17 21:00:00+00:00,1.1003345588,1.1003375556,1.1003200067,1.1003230036,0.0000000000
2023-02-19 22:00:00+00:00,1.1003230036,1.1003276236,1.1003063051,1.1003109251,0.0000000000
2023-02-19 23:00:00+00:00,1.1003109251,1.1003205230,1.1003080392,1.1003176370,0.0000000000
2023-02-20 00:00:00+00:00,1.1003176370,1.1003215090,1.1003077772,1.1003116491,0.0000000000
2023-02-20 01:00:00+00:00,1.1003116491,1.1003213823,1.1003106215,1.1003203547,0.0000000000
2023-02-20 02:00:00+00:00,1.1003203547,1.1003239955,1.1003115144,1.1003151552,0.0000000000
2023-02-20 03:00:00+00:00,1.1003151552,1.1003211965,1.1003117296,1.1003177709,0.0000000000
2023-02-20 04:00:00+00:00,1.1003177709,1.1003200528,1.1003147194,1.1003170012,0.0000000000
2023-02-20 05:00:00+00:00,1.1003170012,1.1003199302,1.1002847877,1.1002877167,0.0000000000
2023-02-20 06:00:00+00:00,1.1002877167,1.1002972872,1.1002839655,1.1002935360,0.0000000000
2023-02-20 07:00:00+00:00,1.1002935360,1.1003018158,1.1002899393,1.1002982190,0.0000000000
2023-02-20 08:00:00+00:00,1.1002982190,1.1003064569,1.1002940874,1.1003023253,0.0000000000
2023-02-20 09:00:00+00:00,1.1003023253,1.1003039452,1.1002962750,1.1002978949,0.0000000000
2023-02-20 10:00:00+00:00,1.1002978949,1.1003011266,1.1002762735,1.1002795051,0.0000000000
2023-02-20 11:00:00+00:00,1.1002795051,1.1002830117,1.1002753964,1.1002789030,0.0000000000
2023-02-20 12:00:00+00:00,1.1002789030,1.1002825516,1.1002692275,1.1002728760,0.0000000000
2023-02-20 13:00:00+00:00,1.1002728760,1.1003763363,1.1001116153,1.1002150756,0.0000000000
2023-02-20 14:00:00+00:00,1.1002150756,1.1004511865,1.1001140114,1.1003501223,0.0000000000
2023-02-20 15:00:00+00:00,1.1003501223,1.1004933813,1.1002631072,1.1004063662,0.0000000000
2023-02-20 16:00:00+00:00,1.1004063662,1.1005930163,1.1003448872,1.1005315374,0.0000000000
2023-02-20 17:00:00+00:00,1.1005315374,1.1006552773,1.1004559423,1.1005796823,0.0000000000
2023-02-20 18:00:00+00:00,1.1005796823,1.1006468050,1.1004598009,1.1005269237,0.0000000000
2023-02-20 19:00:00+00:00,1.1005269237,1.1007378719,1.1004492975,1.1006602457,0.0000000000
2023-02-20 20:00:00+00:00,1.1006602457,1.1007839007,1.1004474463,1.1005711012,0.0000000000
2023-02-20 21:00:00+00:00,1.1005711012,1.1007818252,1.1005022145,1.1007129385,0.0000000000
2023-02-20 22:00:00+00:00,1.1007129385,1.1007813665,1.1006456174,1.1007140455,0.0000000000
2023-02-20 23:00:00+00:00,1.1007140455,1.1007505342,1.1006860032,1.1007224919,0.0000000000
2023-02-21 00:00:00+00:00,1.1007224919,1.1008852556,1.1006813180,1.1008440816,0.0000000000
2023-02-21 01:00:00+00:00,1.1008440816,1.1009296120,1.1007660809,1.1008516113,0.0000000000
2023-02-21 02:00:00+00:00,1.1008516113,1.1009309334,1.1007904062,1.1008697283,0.0000000000
2023-02-21 03:00:00+00:00,1.1008697283,1.1009718036,1.1006652767,1.1007673519,0.0000000000
2023-02-21 04:00:00+00:00,1.1007673519,1.1008642536,1.1007225070,1.1008194087,0.0000000000
2023-02-21 05:00:00+00:00,1.1008194087,1.1009632052,1.1007720005,1.1009157970,0.0000000000
2023-02-21 06:00:00+00:00,1.1009157970,1.1010288559,1.1006609539,1.1007740128,0.0000000000
2023-02-21 07:00:00+00:00,1.1007740128,1.1010078043,1.1006713559,1.1009051473,0.0000000000
2023-02-21 08:00:00+00:00,1.1009051473,1.1009895358,1.1005695711,1.1006539596,0.0000000000
2023-02-21 09:00:00+00:00,1.1006539596,1.1007782559,1.1005133060,1.1006376023,0.0000000000
2023-02-21 10:00:00+00:00,1.1006376023,1.1007441264,1.1004865168,1.1005930409,0.0000000000
2023-02-21 11:00:00+00:00,1.1005930409,1.1006833161,1.1004681965,1.1005584716,0.0000000000
2023-02-21 12:00:00+00:00,1.1005584716,1.1007542552,1.1005167760,1.1007125596,0.0000000000
2023-02-21 13:00:00+00:00,1.1007125596,1.1007999651,1.1005969947,1.1006844003,0.0000000000
2023-02-21 14:00:00+00:00,1.1006844003,1.1007453230,1.1004985649,1.1005594876,0.0000000000
2023-02-21 15:00:00+00:00,1.1005594876,1.1006558601,1.1004097459,1.1005061183,0.0000000000
2023-02-21 16:00:00+00:00,1.1005061183,1.1005625283,1.1004285724,1.1004849823,0.0000000000
2023-02-21 17:00:00+00:00,1.1004849823,1.1005554203,1.1004029699,1.1004734079,0.0000000000
2023-02-21 18:00:00+00:00,1.1004734079,1.1005372607,1.1003298751,1.1003937278,0.0000000000
2023-02-21 19:00:00+00:00,1.1003937278,1.1004093540,1.1003781017,1.1003968531,0.0000000000
2023-02-21 20:00:00+00:00,1.1003968531,1.1011750361,1.0999249429,1.1003968531,0.0000000000
2023-02-21 21:00:00+00:00,1.1003968531,1.1005870335,1.1003137695,1.1005039499,0.0000000000
2023-02-21 22:00:00+00:00,1.1005039499,1.1005444847,1.1004038648,1.1004443996,0.0000000000
2023-02-21 23:00:00+00:00,1.1004443996,1.1006091299,1.1003419135,1.1005066439,0.0000000000
2023-02-22 00:00:00+00:00,1.1005066439,1.1005837673,1.1002324345,1.1003095579,0.0000000000
2023-02-22 01:00:00+00:00,1.1003095579,1.1004264091,1.1001291048,1.1002459560,0.0000000000
2023-02-22 02:00:00+00:00,1.1002459560,1.1004164450,1.1001539447,1.1003244337,0.0000000000
2023-02-22 03:00:00+00:00,1.1003244337,1.1005453367,1.1002547663,1.1004756694,0.0000000000
2023-02-22 04:00:00+00:00,1.1004756694,1.1005939279,1.1002216270,1.1003398855,0.0000000000
2023-02-22 05:00:00+00:00,1.1003398855,1.1005516693,1.1002267960,1.1004385798,0.0000000000
2023-02-22 06:00:00+00:00,1.1004385798,1.1006993484,1.1003292813,1.1005900500,0.0000000000
2023-02-22 07:00:00+00:00,1.1005900500,1.1006230877,1.1005459670,1.1005790048,0.0000000000
2023-02-22 08:00:00+00:00,1.1005790048,1.1007232817,1.1005496075,1.1006938844,0.0000000000
2023-02-22 09:00:00+00:00,1.1006938844,1.1008538831,1.1005894709,1.1007494696,0.0000000000
2023-02-22 10:00:00+00:00,1.1007494696,1.1008433840,1.1006162760,1.1007101904,0.0000000000
2023-02-22 11:00:00+00:00,1.1007101904,1.1007991418,1.1005626262,1.1006515776,0.0000000000
2023-02-22 12:00:00+00:00,1.1006515776,1.1008378559,1.1005862739,1.1007725523,0.0000000000
2023-02-22 13:00:00+00:00,1.1007725523,1.1008391658,1.1006183563,1.1006849699,0.0000000000
2023-02-22 14:00:00+00:00,1.1006849699,1.1007816686,1.1005615513,1.1006582501,0.0000000000
2023-02-22 15:00:00+00:00,1.1006582501,1.1007463144,1.1005917743,1.1006798387,0.0000000000
2023-02-22 16:00:00+00:00,1.1006798387,1.1007589061,1.1004660670,1.1005451344,0.0000000000
2023-02-22 17:00:00+00:00,1.1005451344,1.1006814582,1.1004571542,1.1005934781,0.0000000000
2023-02-22 18:00:00+00:00,1.1005934781,1.1008156796,1.1005237647,1.1007459663,0.0000000000
2023-02-22 19:00:00+00:00,1.1007459663,1.1009408833,1.1006717428,1.1008666598,0.0000000000
2023-02-22 20:00:00+00:00,1.1008666598,1.1009506719,1.1006586735,1.1007426857,0.0000000000
2023-02-22 21:00:00+00:00,1.1007426857,1.1007538922,1.1006857669,1.1006969734,0.0000000000
2023-02-22 22:00:00+00:00,1.1006969734,1.1008212939,1.1006167324,1.1007410529,0.0000000000
2023-02-22 23:00:00+00:00,1.1007410529,1.1008120598,1.1006208419,1.1006918488,0.0000000000
2023-02-23 00:00:00+00:00,1.1006918488,1.1008405392,1.1006317999,1.1007804903,0.0000000000
2023-02-23 01:00:00+00:00,1.1007804903,1.1008563993,1.1005046148,1.1005805237,0.0000000000
2023-02-23 02:00:00+00:00,1.1005805237,1.1007031432,1.1004977663,1.1006203858,0.0000000000
2023-02-23 03:00:00+00:00,1.1006203858,1.1006384052,1.1006023664,1.1006239897,0.0000000000
2023-02-23 04:00:00+00:00,1.1006239897,1.1006351250,1.1006212032,1.1006323386,0.0000000000
2023-02-23 05:00:00+00:00,1.1006323386,1.1006356089,1.1006259102,1.1006291805,0.0000000000
2023-02-23 06:00:00+00:00,1.1006291805,1.1006365497,1.1006266492,1.1006340184,0.0000000000
2023-02-23 07:00:00+00:00,1.1006340184,1.1006473891,1.1006327167,1.1006460874,0.0000000000
2023-02-23 08:00:00+00:00,1.1006460874,1.1006593687,1.1006434971,1.1006567784,0.0000000000
2023-02-23 09:00:00+00:00,1.1006567784,1.1006693611,1.1006541802,1.1006667630,0.0000000000
2023-02-23 10:00:00+00:00,1.1006667630,1.1006843616,1.1006634449,1.1006810435,0.0000000000
2023-02-23 11:00:00+00:00,1.1006810435,1.1006924002,1.1006782425,1.1006895992,0.0000000000
2023-02-23 12:00:00+00:00,1.1006895992,1.1006931154,1.1006625584,1.1006660747,0.0000000000
2023-02-23 13:00:00+00:00,1.1006660747,1.1006742496,1.1006629596,1.1006711345,0.0000000000
2023-02-23 14:00:00+00:00,1.1006711345,1.1006902364,1.1006678214,1.1006869233,0.0000000000
2023-02-23 15:00:00+00:00,1.1006869233,1.1007034598,1.1006834936,1.1007000301,0.0000000000
2023-02-23 16:00:00+00:00,1.1007000301,1.1007187278,1.1006970335,1.1007157312,0.0000000000
2023-02-23 17:00:00+00:00,1.1007157312,1.1007191385,1.1007057765,1.1007091838,0.0000000000
2023-02-23 18:00:00+00:00,1.1007091838,1.1007127523,1.1006903230,1.1006938915,0.0000000000
2023-02-23 19:00:00+00:00,1.1006938915,1.1007048173,1.1006903071,1.1007012328,0.0000000000
2023-02-23 20:00:00+00:00,1.1007012328,1.1007034621,1.1006855278,1.1006877571,0.0000000000
2023-02-23 21:00:00+00:00,1.1006877571,1.1006912855,1.1006806598,1.1006841883,0.0000000000
2023-02-23 22:00:00+00:00,1.1006841883,1.1006900323,1.1006822342,1.1006880782,0.0000000000
2023-02-23 23:00:00+00:00,1.1006880782,1.1006919841,1.1006859350,1.1006898409,0.0000000000
2023-02-24 00:00:00+00:00,1.1006898409,1.1006941930,1.1006871655,1.1006915177,0.0000000000
2023-02-24 01:00:00+00:00,1.1006915177,1.1006960798,1.1006682057,1.1006727677,0.0000000000
2023-02-24 02:00:00+00:00,1.1006727677,1.1006752757,1.1006608538,1.1006633618,0.0000000000
2023-02-24 03:00:00+00:00,1.1006633618,1.1006910351,1.1006601279,1.1006878012,0.0000000000
2023-02-24 04:00:00+00:00,1.1006878012,1.1006909813,1.1006807670,1.1006839471,0.0000000000
2023-02-24 05:00:00+00:00,1.1006839471,1.1007290044,1.1005983487,1.1006434061,0.0000000000
2023-02-24 06:00:00+00:00,1.1006434061,1.1007152432,1.1005725469,1.1006443840,0.0000000000
2023-02-24 07:00:00+00:00,1.1006443840,1.1007955336,1.1005880145,1.1007391641,0.0000000000
2023-02-24 08:00:00+00:00,1.1007391641,1.1008397605,1.1005805717,1.1006811681,0.0000000000
2023-02-24 09:00:00+00:00,1.1006811681,1.1007332864,1.1005825728,1.1006346912,0.0000000000
2023-02-24 10:00:00+00:00,1.1006346912,1.1007902295,1.1005388439,1.1006943823,0.0000000000
2023-02-24 11:00:00+00:00,1.1006943823,1.1007464217,1.1005981859,1.1006502253,0.0000000000
2023-02-24 12:00:00+00:00,1.1006502253,1.1006671794,1.1006190823,1.1006360363,0.0000000000
2023-02-24 13:00:00+00:00,1.1006360363,1.1008654835,1.1005749040,1.1008043512,0.0000000000
2023-02-24 14:00:00+00:00,1.1008043512,1.1009001806,1.1006546905,1.1007505198,0.0000000000
2023-02-24 15:00:00+00:00,1.1007505198,1.1008098584,1.1006068058,1.1006661444,0.0000000000
2023-02-24 16:00:00+00:00,1.1006661444,1.1007710592,1.1004450058,1.1005499207,0.0000000000
2023-02-24 17:00:00+00:00,1.1005499207,1.1008416782,1.1004331691,1.1007249266,0.0000000000
2023-02-24 18:00:00+00:00,1.1007249266,1.1009883917,1.1006646313,1.1009280963,0.0000000000
2023-02-24 19:00:00+00:00,1.1009280963,1.1010355026,1.1006702312,1.1007776374,0.0000000000
2023-02-24 20:00:00+00:00,1.1007776374,1.1008779022,1.1006966260,1.1007968908,0.0000000000
2023-02-24 21:00:00+00:00,1.1007968908,1.1008548578,1.1006045378,1.1006625048,0.0000000000
2023-02-26 22:00:00+00:00,1.1006625048,1.1007501618,1.1005265280,1.1006141851,0.0000000000
2023-02-26 23:00:00+00:00,1.1006141851,1.1007136763,1.1004842675,1.1005837587,0.0000000000
2023-02-27 00:00:00+00:00,1.1005837587,1.1007691885,1.1004910110,1.1006764408,0.0000000000
2023-02-27 01:00:00+00:00,1.1006764408,1.1007485420,1.1005734520,1.1006455533,0.0000000000
2023-02-27 02:00:00+00:00,1.1006455533,1.1007625647,1.1003873315,1.1005043429,0.0000000000
2023-02-27 03:00:00+00:00,1.1005043429,1.1005790138,1.1003026876,1.1003773585,0.0000000000
2023-02-27 04:00:00+00:00,1.1003773585,1.1004235241,1.1003046196,1.1003507853,0.0000000000
2023-02-27 05:00:00+00:00,1.1003507853,1.1004183507,1.1000799210,1.1001474864,0.0000000000
2023-02-27 06:00:00+00:00,1.1001474864,1.1003842678,1.1000773712,1.1003141526,0.0000000000
2023-02-27 07:00:00+00:00,1.1003141526,1.1006640459,1.1002620290,1.1006119223,0.0000000000
2023-02-27 08:00:00+00:00,1.1006119223,1.1007247826,1.1004545603,1.1005674206,0.0000000000
2023-02-27 09:00:00+00:00,1.1005674206,1.1007529162,1.1004672110,1.1006527066,0.0000000000
2023-02-27 10:00:00+00:00,1.1006527066,1.1007268564,1.1003481899,1.1004223398,0.0000000000
2023-02-27 11:00:00+00:00,1.1004223398,1.1005337986,1.1002845033,1.1003959622,0.0000000000
2023-02-27 12:00:00+00:00,1.1003959622,1.1005028381,1.1002300456,1.1003369215,0.0000000000
2023-02-27 13:00:00+00:00,1.1003369215,1.1003964862,1.1001292950,1.1001888597,0.0000000000
2023-02-27 14:00:00+00:00,1.1001888597,1.1003386466,1.1001179089,1.1002676957,0.0000000000
2023-02-27 15:00:00+00:00,1.1002676957,1.1004490902,1.1001762221,1.1003576166,0.0000000000
2023-02-27 16:00:00+00:00,1.1003576166,1.1004375805,1.1000849564,1.1001649203,0.0000000000
2023-02-27 17:00:00+00:00,1.1001649203,1.1005359929,1.1000533565,1.1004244292,0.0000000000
2023-02-27 18:00:00+00:00,1.1004244292,1.1005213521,1.0999695944,1.1000665173,0.0000000000
2023-02-27 19:00:00+00:00,1.1000665173,1.1001337334,1.0999141764,1.0999813925,0.0000000000
2023-02-27 20:00:00+00:00,1.0999813925,1.1001742630,1.0998663004,1.1000591708,0.0000000000
2023-02-27 21:00:00+00:00,1.1000591708,1.1002834028,1.0999737210,1.1001979529,0.0000000000
2023-02-27 22:00:00+00:00,1.1001979529,1.1003347521,1.1000867835,1.1002235827,0.0000000000
2023-02-27 23:00:00+00:00,1.1002235827,1.1003080042,1.1000825652,1.1001669868,0.0000000000
2023-02-28 00:00:00+00:00,1.1001669868,1.1002128543,1.1000120015,1.1000578690,0.0000000000
2023-02-28 01:00:00+00:00,1.1000578690,1.1002422096,1.0999573769,1.1001417175,0.0000000000
2023-02-28 02:00:00+00:00,1.1001417175,1.1003105674,1.1000650359,1.1002338858,0.0000000000
2023-02-28 03:00:00+00:00,1.1002338858,1.1003375503,1.0999031903,1.1000068548,0.0000000000
2023-02-28 04:00:00+00:00,1.1000068548,1.1003701726,1.0999026835,1.1002660012,0.0000000000
2023-02-28 05:00:00+00:00,1.1002660012,1.1003173438,1.1000895076,1.1001408502,0.0000000000
2023-02-28 06:00:00+00:00,1.1001408502,1.1002105838,1.1000044416,1.1000741753,0.0000000000
2023-02-28 07:00:00+00:00,1.1000741753,1.1003275762,1.0999553729,1.1002087738,0.0000000000
2023-02-28 08:00:00+00:00,1.1002087738,1.1002786483,1.1001065773,1.1001764518,0.0000000000
2023-02-28 09:00:00+00:00,1.1001764518,1.1003302086,1.1000780472,1.1002318040,0.0000000000
2023-02-28 10:00:00+00:00,1.1002318040,1.1002710824,1.1001703015,1.1002095799,0.0000000000
2023-02-28 11:00:00+00:00,1.1002095799,1.1004282286,1.1001695263,1.1003881750,0.0000000000
2023-02-28 12:00:00+00:00,1.1003881750,1.1004263671,1.1000636918,1.1001018839,0.0000000000
2023-02-28 13:00:00+00:00,1.1001018839,1.1002565338,1.1000197527,1.1001744026,0.0000000000
2023-02-28 14:00:00+00:00,1.1001744026,1.1002311977,1.0998228734,1.0998796685,0.0000000000
2023-02-28 15:00:00+00:00,1.0998796685,1.1000995962,1.0998325338,1.1000524616,0.0000000000
2023-02-28 16:00:00+00:00,1.1000524616,1.1001316666,1.0998389498,1.0999181548,0.0000000000
